,occurrence
ah,6
yes,56
way,204
could,208
remember,38
drafted,32
thought,70
gonna,77
great,153
nope,6
kawhi,36
thompson,14
jimmy,16
butler,25
lebrons,22
playbook,1
1,91
wake,3
get,504
bus,3
give,111
lebron,283
ball,128
2,133
tired,8
fuck,104
kyrie,175
3,178
jr,32
shoot,27
watched,26
last,145
minute,58
sc,1
uconn,3
girl,15
game,336
year,505
watch,56
upset,14
actually,121
decent,33
thats,227
wnba,5
hard,55
mean,120
theory,3
sure,129
already,70
higher,22
usage,9
rate,22
kemba,5
mention,22
would,494
probably,143
accompanying,1
drop,11
efficiency,11
case,42
ive,84
seen,40
video,25
thing,144
lol,121
dude,80
got,172
move,84
though,114
average,60
solid,21
chance,83
work,73
0,11
guarantee,10
tanking,10
nba,189
draft,57
pick,130
almost,41
never,136
fire,10
rather,38
competitive,11
team,652
fighter,1
hoping,7
luck,13
im,294
convinced,5
shall,1
channel,3
indian,2
power,15
youth,5
become,28
sham,6
think,430
people,253
like,627
apologized,1
served,1
time,276
still,209
sorry,27
caught,7
sponge,1
bob,5
grew,7
as,42
hole,11
lmao,35
wiggins,30
played,85
position,34
cause,26
lavine,5
he,356
even,317
liability,2
defensively,14
better,338
defender,78
guard,62
bigger,12
guy,271
sf,14
kevin,34
didnt,160
hurt,32
2015,11
simply,17
tire,2
delly,3
wasnt,55
close,49
death,9
rid,13
contract,126
second,84
round,41
next,114
spur,66
perfectly,5
good,347
enough,55
winnow,2
mode,11
adding,10
tyson,2
without,78
losing,18
piece,24
nice,42
dont,368
know,202
7,51
series,38
go,204
warrior,139
smith,17
kyries,11
made,89
street,8
type,21
situation,38
especially,31
theyre,72
firing,3
cylinder,1
cut,22
dry,3
usually,19
feel,80
trying,71
converse,2
sub,54
conundrum,1
melo,82
clear,30
suffering,1
stockholm,1
syndrome,1
reasoning,4
based,18
reported,7
fact,53
getting,121
paid,26
shut,7
play,223
shit,140
completely,28
ignores,1
historical,5
dynamic,4
staragent,1
star,89
ntc,7
kind,45
shifted,3
enjoying,3
welcoming,1
warmth,1
agree,53
boston,50
outscored,1
97,1
point,195
ecf,11
expecting,12
hayward,65
suddenly,7
balance,3
overreaction,3
patrick,8
mccaw,5
indeed,3
make,272
fantastic,7
barbecue,2
excellent,11
grill,3
brings,7
lot,146
table,12
edit,38
rnba,26
find,40
funny,25
cool,18
lbj,15
earlier,8
wouldve,29
beat,51
wizard,23
bull,27
missing,13
rondo,11
tbh,21
piston,10
bring,19
andre,7
back,142
dead,9
let,72
u,96
pray,2
doesnt,169
stamen,1
overall,26
pretty,149
player,464
celtic,65
advantage,8
stockpile,1
1st,23
also,193
allstar,11
caliber,8
thomas,11
tatum,13
brown,27
role,38
another,74
moved,12
ahead,13
double,30
check,13
watching,39
someone,116
commentator,2
said,133
changed,11
rule,16
look,150
intentionally,3
threw,3
body,14
foul,20
see,199
knicks,58
one,364
young,58
promising,2
basically,39
zero,11
deal,86
unless,32
includes,2
ainge,10
certain,17
happen,37
need,150
starter,17
life,50
damn,38
pritchardhttpmsportsbusinessdailycomjournalissues20121217peopleandpopculturemedia238c173faf57443ea45f13bd1b4fa9a5ashx,1
constipated,1
wannabe,1
mafia,1
bos,6
maybe,93
long,64
wingspan,6
shot,110
pulled,9
take,181
seriously,20
talk,32
scuttlebutt,1
agreed,12
chandler,11
wilson,1
help,70
brother,11
really,258
lecoasting,1
imo,33
everybody,4
jordan,60
discredit,2
40,13
yr,7
old,62
man,92
put,88
20,43
ppg,27
every,113
single,22
third,14
peak,10
mj,30
yea,24
straight,27
final,132
peat,2
retiring,1
worldly,1
started,22
slowing,3
interestinglyi,1
around,78
december,3
dominant,10
derrick,14
rose,38
64,4
season,223
averaged,31
18,9
4,78
since,89
going,217
cleveland,44
scrub,4
embiid,21
30,37
spamming,1
trust,10
process,13
want,163
leave,32
crawford,8
talking,45
month,22
built,16
something,108
finally,14
coming,45
fruition,1
knew,31
went,52
first,147
place,32
san,11
antonio,8
offered,17
mustve,2
wanted,48
14,17
posting,7
signed,25
year22,1
million,53
cavs,130
vet,14
minimum,17
well,182
implied,3
stupid,33
west,41
seeded,2
lower,20
raptor,23
caused,2
issue,36
werent,21
lost,39
hope,54
sign,49
although,14
hill,17
signing,17
bit,51
dubious,1
come,82
charlotte,9
frank,6
split,5
backup,10
mcw,2
1lebron,1
2kd,1
3kawhi,1
4westbrook,1
5harden,1
6curry,1
7ad,1
8boogie,1
9greek,1
freek,1
kat,15
10pg13,1
gerald,8
green,26
shooter,38
creator,3
success,19
story,26
week,17
ago,35
three,52
line,28
2021,1
midrange,2
hesi,3
pullup,2
jimbo,5
league,186
j,2
lt3,2
blush,1
shaving,1
part,49
head,26
eyebrow,2
different,43
explained,2
much,211
longer,27
grow,7
compared,19
regular,31
hair,7
buzzed,2
anyways,12
took,36
grasp,2
done,50
exactly,37
popular,10
absolute,11
cunt,3
rot,1
china,8
bricking,1
wide,11
open,21
layup,9
always,103
len,2
10mil,2
instead,38
matching,2
thanks,18
ditched,1
ring,40
chase,3
miami,38
charter,1
flight,2
definitely,59
wifi,1
uh,5
huhcheck,1
leaf,22
somewhere,11
else,55
saying,103
scorer,27
example,38
cutting,3
using,19
screen,8
imply,3
able,42
score,27
hence,4
basketball,93
gt,106
lonzo,49
problem,27
half,57
court,46
remains,1
hold,19
defense,110
far,51
summer,60
struggle,5
chamillionaire,1
load,5
cash,7
investor,1
silicon,1
valley,4
name,42
celebrity,1
front,29
meant,16
rub,1
duh,3
right,152
bed,1
keep,57
whole,40
song,4
black,22
album,5
general,14
beloved,3
mozgov,8
deng,11
genuinely,5
curious,7
heard,28
recently,12
dray,7
leaving,29
tougher,6
dirty,3
isnt,123
iso,17
option,37
lead,20
offense,54
hopefully,15
focus,7
cp3,33
harden,72
leader,10
hell,71
banana,2
loveklay,1
jaylen,18
host,1
charity,2
chess,1
tournament,7
id,97
fast,9
many,83
wrong,42
barely,18
win,130
context,8
yeah,121
assuming,14
reason,85
holding,4
trade,164
looking,37
thirdfourth,1
bad,136
knight,4
25,14
starting,36
pg,78
youre,156
adequate,1
value,47
older,11
amp,24
owed,1
money,90
offer,29
package,5
gordon,18
ariza,12
crippling,2
shouldnt,20
surprise,6
new,74
york,12
biting,1
houston,30
say,190
terrible,20
lakers,78
kobe,105
multiple,20
asset,27
stardriven,1
market,31
retire,5
holy,9
reporter,3
iguodala,4
later,23
ranking,6
top,133
300,3
cola,2
totally,16
unique,3
carbonated,1
experience,18
taste,3
brand,11
fraction,3
cost,15
spice,1
soft,2
drink,8
try,50
exciting,7
dr,2
dazzle,2
board,12
certified,1
physician,1
diagnosis,1
cant,140
tucker,7
huge,36
least,64
somewhat,5
defend,17
nothing,56
helping,2
per,47
se,1
wheneever,1
unfavorable,1
matchup,10
recover,1
15,29
big,96
fly,7
zone,3
opposing,7
curry,65
affect,6
defensive,36
decision,29
wouldnt,93
thread,29
fucking,71
salt,7
mine,7
carroll,6
exceled,1
college,27
slasher,2
pop,20
bullshit,12
low,17
clock,8
derozan,13
kick,11
drive,11
system,21
movement,7
heavy,12
pressure,8
mu,1
beast,5
hawk,15
toronto,12
fit,31
style,14
youll,12
silly,8
simmons,29
fultz,15
turn,19
80,9
dominate,9
east,57
fun,36
making,69
accountin,1
2025,2
forgot,13
finish,15
face,25
salary,30
25mil,1
fully,11
guaranteed,12
clause,3
waived,4
ex,4
owner,21
pay,41
amount,25
wont,68
considered,16
luxury,11
tax,24
bluffing,1
scared,7
tie,3
cap,62
space,32
matched,4
waiting,5
set,22
tough,6
core,11
22,14
durant,61
included,7
everyone,70
ready,19
biggest,25
stage,4
age,28
particularly,3
squad,5
wcf,13
reasonable,13
expect,24
closed,4
braindead,1
forget,17
cavalier,5
blow,13
mind,27
narrative,16
skew,1
perception,4
extremely,13
underrated,10
perhaps,12
overrated,11
hornet,11
reality,4
relatively,3
comparable,2
gthackathon,1
dunno,7
posted,12
eight,3
day,78
hackathonhttpswwwredditcomrnbacomments5h0fd976tackofallisaveraging14133blocksand300dawfxs9context3,1
amazing,23
list,20
op,24
real,47
fan,189
playing,84
victim,5
smh,7
httpsmediagiphycommediarl0foxdz7ccxogiphygif,1
fuckin,6
love,131
root,6
rocketsif,1
true,45
seem,28
hit,38
okc,47
seems,59
couldve,15
gotten,12
negligible,1
killed,5
walked,7
stayed,11
youd,23
loaded,2
free,44
agent,21
class,18
neither,13
gasols,2
lopez,5
ibaka,12
attempt,8
haha,19
middle,7
nut,7
wed,10
implode,1
steve,16
nash,16
sg,13
pete,2
maravich,1
larry,9
bird,27
pf,18
dirk,16
nowitzki,1
c,20
george,36
mikan,5
bench,56
jerry,2
john,9
havlicek,1
rick,4
barry,1
mchale,3
bill,17
laimbeer,2
sieg,1
heil,1
110,3
degree,4
telling,11
drinking,1
la,36
vega,5
sport,47
gambling,2
bother,8
donnie,1
walsh,2
couldnt,32
randy,2
foye,1
fifth,2
casual,5
simple,9
question,42
ruffle,1
feather,1
precedent,1
kd,115
bitch,12
exempt,1
title,36
dick,9
13,10
manu,10
pau,13
flexibility,4
lmaooo,2
crazy,35
reminds,4
infamous,1
bosh,18
upvote,7
party,11
statistically,4
worst,52
mvp,53
ever,106
triple,12
stellar,2
dre,2
known,15
exceptional,1
demolish,2
pt,7
shootingheavy,1
presti,4
analogue,1
small,35
misleading,3
sorta,2
rocket,52
uhhh,2
noits,1
common,8
sense,39
landing,6
leg,6
high,56
idea,33
haveyou,1
knowtwo,1
neeb,1
usa,3
httpwikiteamliquidnetstarcraft22016kespacupplayoffs,1
6,50
184,1
byun,1
tho,35
so,1
lolol,2
harder,14
paul,45
master,3
taking,32
alltime,4
offensive,33
v,36
allowed,17
lie,5
error,4
sheer,1
stupidity,3
capheads,1
care,40
explain,7
impacted,1
repeater,2
needed,13
worn,2
used,36
nobody,18
effort,12
wear,8
us,6
constantly,6
unrealistic,2
use,44
believe,34
traded,41
please,19
portland,17
stephen,7
belief,8
either,64
person,29
camp,7
serious,15
doubt,25
fight,8
division,1
bored,6
iq,5
copycat,1
joke,20
rational,5
human,4
respect,15
interesting,20
petty,2
loser,4
four,13
number,59
end,55
missed,15
club,9
soccer,8
jersey,36
sponsor,3
plastered,1
across,4
logo,6
reversed,1
frequently,1
negative,13
effect,5
claim,9
ad,19
corner,6
negatively,2
presumptuous,1
againsr,1
prime,39
window,4
weird,14
refer,2
brooklyn,13
brk,1
bkn,1
ray,11
allen,19
milwaukee,7
t,17
book,13
gt1oscar,1
robertson,2
23,11
mjkobe,1
irving,26
5lebron,1
lolwut,1
metta,1
pls,3
ridiculous,9
including,2
two,118
proven,6
yet,35
best,224
false,5
wait,34
dipo,2
buffalouies,1
often,25
nicelydanny,1
brightest,1
bulb,1
xmas,1
tree,4
surprised,11
might,70
aloof,1
standoffish,1
event,8
tristan,7
gather,3
catch,7
pas,39
landed,3
david,13
lee,3
foot,27
jumpshot,2
fastest,3
becoming,10
billionaire,10
drose,5
supposed,19
injured,21
possession,11
order,13
rotate,2
yoga,1
pose,2
tying,1
shoe,9
motherfucker,7
preknee,1
injury,48
kidd,14
wasand,1
postinjury,2
bonkers,1
gotta,16
ability,16
passing,25
lane,5
wider,3
led,12
assist,30
decade,13
near,13
tried,18
kinda,20
clearly,21
level,37
passer,14
total,20
literally,59
due,19
difference,30
anything,68
compare,7
westbrook,48
except,20
rubios,3
brain,4
rebounding,13
feeding,1
magicesque,1
break,24
magic,42
stockton,15
today,28
huertas,1
teodisic,1
rubio,14
lacking,2
area,15
euro,6
coincidence,2
natural,5
isaiah,4
tier,11
theon,2
bullrushed,1
euron,1
yara,1
5,120
philly,8
rookie,24
run,36
rampant,1
sometimes,13
presence,3
arent,50
push,11
past,34
spot,23
live,18
mad,9
bledsoe,19
fourth,7
sun,27
asked,8
leverage,10
nah,31
tell,35
levert,2
espn,15
stop,24
stroking,1
zodick,1
personally,20
golden,23
state,36
anyway,19
plus,26
tavares,5
cedi,1
osman,2
congratulation,1
bottom,6
heart,3
8988,1
victory,8
friend,26
looool,1
ye,2
fo,10
te,1
nurk,3
idiot,19
tanked,1
puropuse,1
mistake,7
jazz,48
giving,29
max,30
felt,11
shouldve,7
maxed,3
retribution,1
must,17
eastern,10
conference,32
happy,22
nugget,13
indiana,12
screw,5
pooch,1
ended,20
heat,32
truly,12
ny,11
rook,2
showed,11
glimpse,2
acl,3
tear,10
icon,1
embiids,3
downvote,12
lance,3
blowing,7
blue,4
arrow,2
comment,47
dame,12
similar,27
stats,32
decisive,1
action,7
dribble,13
actual,13
catchandshoot,1
clutch,20
af,10
blazer,17
etc,28
welp,1
listen,6
broadripple,1
burning,3
sad,10
duncan,32
mid,9
fucked,18
matter,37
medium,22
imagine,22
tyronn,1
lue,4
chew,1
packing,1
bag,6
midnight,1
9,13
axe,1
weve,13
digit,3
madison,1
home,23
throughout,5
entirety,3
90,13
couple,17
exception,7
detroit,5
tackling,1
anyone,50
theyd,17
called,30
flagrants,1
hed,31
flying,4
elbow,2
jaw,1
knee,16
stomachgroin,1
adjust,7
fine,26
sound,23
enought,1
statistic,2
dispute,1
walk,12
away,49
refused,3
pain,5
therefore,6
putting,17
strain,1
constant,5
irish,1
resigned,6
dolt,1
tweet,15
gone,19
stay,48
nugs,1
sooooo,1
deep,13
mason,4
jar,2
closet,2
lillard,17
excluding,2
identical,2
constructed,3
hardens,3
considerably,2
despite,16
opposed,4
assed,2
disappears,1
meanwhile,2
11,7
elimination,3
25ish,1
qualifier,1
steph,37
designed,2
mahinmi,1
looked,27
absolutely,22
playoff,119
whats,23
slowly,2
shaq,37
mwp,1
gasol,21
lamar,3
odom,4
efficient,13
predecision,1
moot,2
hasnt,25
beyond,7
skill,31
westbrooks,1
uncontested,2
rebound,26
winslow,1
60,19
vote,10
sadly,1
lazy,7
everything,39
shump,4
quality,15
perimeter,16
bron,15
selling,4
bubbly,2
wine,3
champagne,4
400,2
mile,8
south,2
district,1
technically,8
handful,1
california,2
winery,1
grandfathered,1
discussion,12
online,5
call,37
preferred,3
nurkic,4
legit,17
alldefensive,3
potential,31
prefer,7
bigs,5
center,31
who,15
bothered,2
ill,41
zach,14
hol,1
overweight,1
li,1
wow,13
10,61
nevermind,2
sleep,4
betterdefending,1
worseshootingandplaymaking,1
gallo,3
netplus,1
running,16
jokic,13
depth,9
easily,35
hidden,3
slide,2
seamlessly,1
develop,15
jump,13
brutal,3
thunder,30
seeing,10
brick,2
anchor,3
younger,12
pel,7
monta,2
pacer,21
there,82
min,7
favorite,22
nick,4
jesus,15
buddha,1
brian,2
scalabrine,3
zeus,1
odin,1
whisper,2
jamals,1
ear,5
rest,28
billion,10
meme,22
36,4
facetime,1
christ,5
internet,9
margin,3
toyed,1
virtually,2
roberson,3
career,71
sniff,2
jock,1
added,15
superstar,29
ancillary,1
era,11
king,18
inefficient,3
teamkilling,1
ballhog,3
streak,5
unfathomable,1
idiocy,1
whichever,1
12,16
key,11
rodman,12
fg,7
ft,4
slightly,18
worse,35
3p,5
significantly,12
insane,16
dumb,22
european,4
tricky,2
variable,2
2007,4
kobepau,1
fringe,2
ehh,1
percentage,13
teammate,21
crashed,2
mamba,3
genius,5
evidence,13
left,46
ten,3
avoid,7
job,41
shaqtin,2
fool,6
loved,9
personality,6
opponent,11
polar,1
opposite,5
rus,22
snickering,1
happened,41
kareem,21
clutching,1
side,27
benson,2
dismissively,1
little,48
digging,1
found,17
videohttpswwwyoutubecomwatchvan57mvdicxw,1
edited,1
light,11
possible,33
trading,18
clipper,16
paying,14
15myr,1
orlando,10
itll,12
pure,9
propel,1
forward,15
scenario,11
sell,12
ton,19
ticket,6
oh,29
worded,3
terribly,2
steal,8
ersan,1
turned,18
30seems,1
build,16
75,1
otto,7
par,4
3rd,16
regret,2
create,10
realize,17
choice,8
compete,12
suck,27
g,18
kyrielovethompson,1
roster,33
discount,4
an,2
net,42
fired,7
anthony,24
bennett,4
71,3
men,22
freely,1
admit,10
full,25
1990,2
httpswwwyoutubecomwatchvln86uuvjpy,1
quarter,15
physical,13
spew,4
le,75
reply,7
show,41
film,1
youve,14
flagrant,1
nowadays,3
plan,13
ole,2
hardnosed,1
manonman,1
handchecking,1
modern,6
playbyplay,2
guess,21
dearon,1
fox,11
boogie,14
scratch,2
rapidly,3
20032004,1
finished,5
voting,6
malice,1
palace,2
happening,9
mainly,6
returned,3
form,13
severly,1
impact,15
qol,1
spendimpact,1
philanthropically,1
esp,2
pet,1
foundation,1
significant,7
sacrifice,6
networth,1
tangibly,1
save,11
letting,9
dispersed,1
among,8
bunch,17
random,10
posthttpswwwredditcomrnbacomments5pt7mqjoakimnoahwithoneoftheworstfreethrowsin,1
awesome,12
hyped,3
range,12
hitting,3
tebowmania,1
tebow,2
outlet,3
decided,7
hour,20
unlike,5
undoubtedly,1
talent,39
greatness,3
hate,47
hear,23
involving,3
obnoxious,3
father,4
demar,6
26,5
turning,2
27,8
kyle,14
31,13
march,1
demars,2
5year,1
contender,23
thrash,1
imbecile,1
competition,10
wroten,1
sixer,24
weak,17
glaring,2
weakness,6
nearly,13
penetrates,2
poor,9
selection,4
shooting,56
handle,15
wild,5
paint,10
floor,24
loss,13
athletecism,1
overseas,1
prove,9
comeback,3
psyched,1
surgery,6
chose,9
sit,7
remainder,1
continue,14
strengthen,1
however,16
apparently,12
skipped,2
mandatory,2
rehabilitation,1
session,2
maturing,1
hardly,7
slow,10
footed,1
rim,24
protector,5
given,28
responsibility,2
manage,4
20152016,1
enter,4
forgive,1
sharing,2
gaytime,1
amends,1
pm,2
info,3
source,17
lillards,2
lock,7
perennial,4
anonymous,1
account,18
snagged,1
porter,13
blame,11
coach,38
kid,48
grand,2
19982004,1
e,7
9903,1
listed,10
lockerooom,1
chip,11
mentor,3
sucked,9
kicked,2
sauced,1
seemed,4
sick,7
throw,17
ego,4
bursting,1
skin,2
singing,2
voice,3
proud,3
treat,3
argue,14
kds,9
ceiling,8
obviously,29
ricky,8
williams,10
rashard,3
mendenhall,1
beaten,5
healthy,33
offensively,17
luke,4
seattle,12
pointless,5
nonsense,3
ref,19
mixed,8
record,21
outlier,4
honestly,48
clicking,1
unidentified,1
youtube,6
link,9
public,15
tennis,2
spineless,2
kerr,5
crony,1
bay,15
met,6
folk,3
deeply,2
disappointed,1
aint,14
act,17
prospect,15
38th,1
delusional,6
equal,10
difficult,7
direct,2
comparison,16
disparity,3
logical,6
assume,12
twice,14
escape,1
note,6
major,15
transaction,2
completed,1
five,11
andrew,6
acquired,4
james,29
richard,1
jefferson,4
iman,2
shumpert,6
korver,9
leonard,8
lamarcus,3
aldridge,10
dwayne,2
dedmon,6
jonathon,1
rudy,9
gay,14
depending,7
ask,17
appear,1
future,33
ainges,1
cousin,17
rival,8
rock,2
bandwagon,6
flair,15
improve,18
dramatically,3
wade,35
joined,6
pussy,13
declining,5
lucky,6
frame,5
solely,7
wanting,11
skip,11
living,15
stirring,2
controversy,1
understand,35
attention,12
creates,5
youngblood,1
hilarious,12
dad,20
chaparral,1
aba,1
throwback,2
pinstripe,2
unis,1
mike,4
conley,3
rounded,3
aside,10
attend,1
ohio,3
prolly,2
extension,13
rip,4
shaky,1
whatever,25
convince,2
jones,11
hang,6
join,10
moment,11
happiness,4
gm,23
heave,1
timeout,3
advance,2
opportunity,13
chicago,15
start,43
playingwinning,1
suggest,4
draymond,18
texting,2
competing,6
competitor,2
sudden,5
woj,10
blake,16
mpg,4
convenient,1
post,72
garner,1
projected,4
aiming,1
financial,6
following,9
worked,8
unfortunately,14
penny,6
nerve,2
nay,1
unmitigated,1
gall,1
dear,3
racketball,1
buddy,11
quick,15
argument,26
wee,1
destination,5
reuniting,1
dump,6
clarkson,4
82,5
mil,11
paycut,9
required,5
24,7
realized,8
arguing,6
34,10
havent,33
believing,6
fat,8
dragon,1
lit,5
lion,3
expected,16
8,33
3641,1
term,32
territory,1
dire,2
davis,16
united,1
recall,2
sandwich,3
tasting,1
bruh,10
singlehandedly,2
leading,12
requested,3
eye,13
test,10
scored,9
77,2
neal,1
downvoted,16
mentioned,13
trick,3
cocky,1
asshole,7
support,9
cross,3
bridge,1
idk,14
mess,5
oracle,2
city,42
loyalty,10
factor,15
determining,1
situational,1
bradley,22
price,16
afford,4
agency,16
perfect,14
smartest,1
outright,3
card,5
contending,8
previous,7
correctly,4
extra,18
asking,12
worth,45
willing,10
bet,17
relevant,8
topical,1
lastly,1
pierce,12
contribute,7
kg,16
prone,3
saw,31
fleece,2
exit,9
possibly,11
gave,23
held,5
talked,4
ok,26
paycuts,1
nowhere,6
loyal,11
greedy,1
short,15
dollar,21
disliking,1
arrogant,3
coin,3
flip,6
tail,1
wrote,7
selfish,3
along,14
ginobili,3
parker,11
unfair,2
forced,8
joe,12
johnson,12
world,29
absurd,5
crippled,3
building,8
cheating,1
believed,3
choosing,9
winning,40
subjectively,1
gthow,1
goat,19
greatest,18
arrived,2
gtthere,1
default,1
disagree,7
opinion,31
feat,3
stick,8
russell,12
disadvantage,1
shed,8
incredibly,4
skilled,2
overcome,2
quickness,3
length,5
strength,9
involved,5
mark,16
antonios,1
dleague,3
jamychal,1
frontcourt,3
referring,5
ftc,1
sister,3
5hours,1
dental,1
faked,1
quit,5
history,39
55,3
contested,3
certainly,22
stir,2
emotion,3
podcast,8
regularly,2
enjoyed,3
franchise,24
rich,8
danny,10
cuss,1
tv,9
parade,3
awhile,7
highway,1
robbery,1
bell,6
accept,6
ryan,13
anderson,31
rumor,12
mcdonalds,3
worm,4
hamburger,1
bogus,1
persisted,1
combat,2
marketing,3
campaign,2
meat,3
former,13
latter,7
associated,3
mcds,2
burger,2
read,36
32,6
underdog,3
championship,59
hmm,5
strike,3
gold,9
step,21
replicate,2
offseason,20
smaller,7
stuff,27
sensitive,3
lubing,1
infection,1
float,3
thered,3
orgasm,1
stimulating,1
prostate,1
blowjob,1
handjobs,1
anal,1
training,5
match,14
macgregor,1
reading,7
widely,2
india,4
pale,2
cricket,1
australia,2
commonly,6
orleans,7
credit,4
investing,1
assistant,4
came,21
thinking,17
sounder,1
ml,3
base,7
shaqs,1
suit,4
jacket,2
duster,1
filled,2
athletic,17
bone,1
nerd,3
track,2
location,3
hand,47
lose,29
gtmainstream,1
america,3
hip,3
hop,3
fashion,3
mainstream,2
appeal,5
targeting,2
majority,9
likely,45
buy,18
clothes,4
company,8
ua,1
overlap,1
customer,1
joes,2
current,22
cry,7
behind,21
assholery,1
6th,11
seed,50
nhl,9
jj,9
redick,2
sidney,2
crosby,1
zbo,7
ovechkin,1
protected,8
20th,2
sweetener,1
jrue,9
offball,3
excels,3
jazzblazers,1
became,16
benefited,2
tremendously,3
picked,13
several,10
stud,5
gen,2
doubling,1
hype,11
booker,11
consistent,5
bled,1
debatable,4
backed,3
appreciate,9
dunleavy,2
smelled,1
sulfur,1
hot,12
touch,7
blown,9
retarded,5
block,16
70,8
scoring,19
65pts,1
wilt,12
chamberlain,2
hearing,7
moan,1
bi,1
bronsexuals,1
follow,10
klay,33
broke,11
others,16
cursory,1
search,3
polynesian,1
utahhttparchivesltribcomstoryphprefsltribtribpreps55702182190utahpacificfamilylakehtmlcsp,1
133,2
population,5
according,6
sl,10
tribune,1
3point,3
elite,17
passingawareness,1
size,17
pushed,3
351212,1
token,1
relied,2
surround,1
stopper,3
tweeted,1
1m,1
spoke,2
w,4
hadnt,6
cal,2
theyve,9
batum,2
add,20
dwight,14
howard,8
fair,28
theyll,17
entertaining,10
jason,5
inch,2
taller,4
miami6,1
stat,14
dunk,25
contest,8
exaggeration,1
randle,12
flaw,2
becomes,13
payday,1
important,23
kuzma,4
locked,6
21,10
early,18
smart,20
gtas,2
invisible,1
crap,7
capitalism,3
magical,1
elixir,1
ensures,1
treated,6
unfairly,2
proposing,1
fault,14
screwed,4
change,34
establishment,1
tip,13
wage,9
unable,3
consumer,1
service,5
stated,2
nonexistent,1
strawman,1
reserve,1
cheap,9
timed,2
football,10
alot,4
guest,2
drummond,3
3pt,13
ups,3
tilt,1
flat,8
earth,7
turtle,1
shell,2
seesaw,1
tilted,3
favor,12
obvious,10
thank,8
embrace,1
hater,3
suppose,6
personal,11
connection,9
whoring,1
yep,7
newest,1
bought,5
dlc,1
predator,1
alien,1
grizz,4
2011,8
reaching,3
ultimately,9
stopped,8
mavs,26
cinderella,1
reached,1
feasted,1
protection,6
treadmill,1
improved,7
freak,3
athlete,17
learned,5
masai,2
bargs,1
non,5
playoffsfinals,1
winner,9
symbolized,1
entire,30
halfcourt,2
normal,3
confidence,4
risk,7
calling,17
reeeeeaaalllllyyyy,1
stand,11
gleague,3
jail,1
disrespect,4
uf,1
displayed,1
dismissed,2
cam,1
newton,1
684,1
water,4
font,3
birthday,2
invitation,1
riley,6
spent,13
shape,5
underachiever,1
fell,7
rotation,8
fa,25
complete,13
garbage,11
lou,7
2013,10
panned,2
period,7
dropped,9
50,15
drew,3
ppl,5
gender,3
symbol,1
none,11
distribute,2
soo,2
gt‚Ä¢,1
3pointers,1
larger,4
pool,2
shorter,4
handling,3
special,6
return,16
bazemore,1
celebration,2
dlo,3
rebounder,4
h,5
brandon,5
roy,7
codehttpsgithubcomdavecrob2ballerbot,2
rballerbot,2
feedbackhttpsnpredditcommessagecomposetoballerbotampsubjectfeedback,2
mp,2
2p,2
efg,3
trb,2
ast,6
stl,2
blk,2
tov,2
244,1
314,2
000,1
423,3
700,1
28,4
46,2
06,2
00,1
58,2
feeling,17
tossup,1
trash,15
myles,2
bro,13
angry,6
upvoted,5
school,30
bleacher,1
report,14
kept,15
sleeping,2
millsap,10
legitimate,10
2016,11
mate,4
flashy,5
nerlens,3
suggestion,2
preemptively,1
acquiring,1
2nds,2
overpaid,6
resource,1
universally,1
meaningless,6
immediately,11
legend,6
whens,1
jerseystatue,1
fantasy,3
reunion,2
msg,1
lore,1
harry,1
giles,2
failure,7
ruined,4
9th,2
answer,13
performance,12
510,1
1on1,1
41win,2
gilbert,9
arena,9
53win,1
ben,7
wallace,5
tit,1
tat,1
backupspotstarters,1
beverly,2
tobias,3
harris,6
16,4
bucket,6
getter,1
optimistic,5
lottery,11
kaminsky,2
valuable,13
mario,1
hezonja,1
stuck,6
evan,1
fournier,1
admittedly,3
reportedly,2
include,6
rozier,5
deadline,3
rental,6
pj,6
pot,2
seasoning,1
baby,6
stew,1
mccollum,5
impossible,10
yup,5
zeller,9
replace,4
god,19
production,7
rare,5
overwhelming,3
hated,6
original,4
super,39
hometown,3
rubbed,1
mentioning,4
dc,2
beating,9
mistaken,1
outscore,1
ali,1
warrant,1
mlk,1
faced,4
health,4
permitting,1
andor,4
annually,3
dsj,3
teaching,2
athleticism,10
jo,1
smoking,4
francis,2
hardaway,5
grant,7
amare,4
stoudemire,2
kicking,1
clip,11
happens,24
lma,9
76ers,13
insinuate,1
asinine,2
guarded,2
iggy,12
thad,1
daniel,2
brewer,2
booze,1
versatile,6
carlisle,4
planned,3
ultra,1
fix,4
wish,15
justnot,1
unreasonable,1
circumstance,1
highpaced,1
9510,1
murray,7
tuned,1
ellenson,1
bury,1
fadeaways,1
impression,4
minnesota,14
lure,1
incapable,3
dolphin,1
em,9
clinch,1
oooooo,1
doctor,1
program,2
gain,8
20lbs,1
muscle,3
0810,1
confirms,2
whenever,8
goofy,1
snoochie,1
boochies,1
tim,7
robinson,10
respected,2
floppingwhining,1
overlook,2
caring,1
lived,5
expectation,7
controversial,3
knowing,9
backlash,1
respecting,2
throwing,8
shade,2
russokc,1
goodbye,1
january,2
punch,2
violation,2
35ppg,1
software,1
gsw,24
roll,4
generation,4
stubborn,1
whether,14
exist,4
shaking,1
bounce,7
analyst,4
speculating,1
predicable,1
rebuilding,12
wonder,11
buyer,1
asia,1
chinese,4
swoop,1
shake,5
tyreke,3
depends,6
endure,1
working,15
russpg,1
born,7
raised,2
giannis,25
gary,2
payton,1
arguably,11
superteam,8
somehow,11
literal,3
bullying,1
quite,15
exact,14
nike,4
design,7
200,3
153,1
wall170,1
gtvalues,1
increase,14
exponentially,1
gta,1
wall,25
clue,3
loom,1
large,11
addition,7
threat,6
staying,6
shocked,4
outperforms,1
alone,14
hassans,1
english,5
eloquent,1
yo,6
lil,3
screeeening,1
buh,1
referred,3
peter,1
gibbon,1
verb,1
thrive,1
spacing,10
dropoff,2
playmaking,4
wise,5
kill,8
wreck,1
zingis,1
pnrs,1
timeline,3
roommate,2
date,2
visiting,2
late,17
may,40
showing,6
8th,14
grade,1
graduation,4
sake,4
stupidmaybe,1
achilles,2
corpse,2
givin,2
ingram,13
improving,9
apg,3
spg,2
longevity,2
brought,13
storied,1
wife,8
vocal,1
shown,10
desire,1
actor,1
layover,1
messing,1
luggage,1
leastern,1
thundertwolves,1
paper,6
twolves,4
sold,5
meshing,1
laonly,1
dishonest,1
solicit,1
pgs,7
pissing,2
risking,2
aim,1
inbound,1
closely,4
goal,11
strategy,4
speculation,2
reporting,3
reach,9
def,6
jumping,4
hey,16
meaning,4
temecula,1
vince,6
carter,3
ike,1
anibogu,1
yao,3
performed,4
solidly,1
toughest,1
brad,6
miller,6
aging,5
accident,2
deserves,7
hall,6
fame,6
timeits,1
gimmick,2
surrogate,1
knocked,2
woman,30
boy,14
plumlee,5
flew,1
cliff,3
jeez,1
ya,15
shitposted,1
bros,2
fake,10
rap,5
shitposting,3
celt,5
primed,1
al,9
it4,1
horford,9
08,4
dynasty,4
continually,1
fall,6
envious,1
affiliated,1
p,3
interior,2
solution,4
ir,1
failed,6
gtfo,2
standard,8
unprecedented,1
superteams,3
vastly,2
notgreat,1
pfs,1
competent,4
plenty,15
excited,4
blocker,3
cocksucker,1
rundown,1
irrelevant,4
scheme,7
alex,3
caruso,4
conducive,1
passionate,1
atmosphere,1
agreeing,2
badly,4
ffs,2
desperate,1
equivalence,1
roundly,1
criticized,3
rank,6
extreme,6
course,21
highly,9
handshake,1
regardless,17
dot,2
designate,2
35,17
forgotten,4
wheres,1
nene,4
till,6
17th,1
member,1
u21,1
2033,1
lease,2
gt1971,1
lary,1
flu,2
drove,2
papagiannis,1
recruiting,3
fiba,2
heartbreak,2
onei,1
heartbroken,1
739,3
deservedly,1
overwhelmingly,2
positive,7
projection,4
heartbreaking,1
methodology,1
boat,3
veto,1
owned,4
hornetsnow,1
pelican,8
stern,2
vetoed,1
tank,18
haynes,4
news,13
leaked,3
published,2
ankle,8
120,2
hakeem,10
changing,5
makeup,1
force,7
marc,9
gobert,15
carmelo,23
blockbuster,2
demarcus,6
anywhere,13
dysfunction,1
volume,5
draw,5
comfortable,3
guarding,4
wing,11
excitement,4
exceeding,1
pencil,1
contributing,1
twin,2
screening,2
organization,13
hobby,2
chris,16
child,5
dwade,3
admitted,3
clash,1
specifically,6
arison,1
obliged,1
saddled,1
5050,3
fetched,1
mutually,2
exclusive,1
utmost,1
slight,4
bias,4
um,1
jose,1
string,4
deron,3
korvers,1
cold,5
drawing,4
helped,8
barring,1
vary,2
dearth,1
meloand,1
developed,3
specialist,2
spend,7
development,11
journal,1
writes,1
monitor,1
progress,3
effective,7
intelligent,6
banged,1
compound,1
imbalance,1
chemistry,8
desperately,3
managed,2
ab,6
arrive,2
shred,3
announcement,4
suffer,1
nakama,1
basic,3
archetype,1
switch,4
stretch,6
preferably,1
protect,3
heatcheck,1
eric,4
energy,4
lebronkdkawhi,1
rough,5
dragic,2
middleton,3
crowder,15
covington,2
markieff,2
porzingis,17
barnes,10
turner,7
6m,1
willgordonwill,1
barton,2
snell,2
teletovic,1
crowderroco,1
illustrates,2
clarity,1
penalty,2
jordankobe,1
together,27
flawed,4
logic,5
magically,2
coward,2
tt,6
ineffective,1
otherwise,5
doubledoubles,1
reb,1
pairing,2
doug,3
christie,1
seared,2
memory,7
lowry,16
rated,3
walker,2
beal,10
town,15
wggins,1
griffin,9
antetokoumpo,1
jaaaavvvalllleeee,1
mcgeeeeeeee,1
impressive,7
milestone,1
eventually,9
shocking,5
2017,8
deandre,9
20million,1
noel,3
exists,2
entity,1
result,12
volatile,1
lesson,2
deifying,1
guillotining,1
sacramento,3
glad,9
unm,1
keith,3
motherfucking,2
bogans,2
4th,15
monster,1
miss,11
count,7
1959,1
borderline,5
prior,7
drafting,6
main,12
strictly,5
profit,3
lacob,3
1000,4
assign,1
1000000,1
10000000,1
realigned,2
unbalance,1
chill,6
anymore,25
response,8
decide,6
pulling,4
unreliable,2
article,17
savior,1
acting,11
pansy,1
httpwwwespncomnbatrademachinetradeidzeryjzm,1
rig,1
doncic,5
boned,1
relevance,1
bowl,3
blood,2
jarrett,1
bout,2
dpoy,5
6moy,2
endorsement,7
hypothesis,3
science,1
condition,1
42,2
chucking,2
regard,6
sum,2
201113,1
wager,2
100,19
pre2010,1
spare,1
keyboard,2
handy,2
f5,3
doc,3
neutered,1
ejected,3
alpha,2
betagamma,1
skewed,1
terrific,5
outcome,4
via,4
culture,4
unstoppable,4
sprained,1
uncle,1
word,24
mouth,3
merely,2
accentuates,1
thick,1
caricature,2
stan,3
project,3
onto,10
jumped,5
reiterated,1
bewildered,2
strawmanning,1
2012,6
stacked,10
similarly,1
historic,6
ampnbsp,3
aware,4
blanket,1
statement,8
respond,7
sonics,3
smthg,2
substantive,1
muh,1
attribute,2
hof,7
offhandedly,2
weaker,2
counting,8
achievement,2
central,6
considering,18
asymmetry,1
path,6
thru,5
5th,10
16th,1
consistently,8
mountain,2
accomplishment,5
conversation,9
appreciating,1
deepdive,1
resume,3
insisting,1
backing,1
whatsoever,3
repeated,1
joining,7
dismissive,1
emotional,3
discovering,1
lineup,13
overlooked,3
abeast,1
comped,1
sa,7
version,8
üòÇ,2
yelling,3
hired,5
thibs,5
surrounded,2
shuts,1
harrison,2
timmy,4
retired,5
1a1b,1
kawhigt,1
tony,9
skal,2
sacramentoserious,1
duo,8
1998,1
consider,15
indivisual,1
accolade,2
2530,1
ai,5
stack,5
house,8
3335,2
sniffed,1
punished,1
congo,2
race,6
questioned,2
country,16
viewed,2
easy,19
beneficial,2
white,14
africa,1
pro,8
latin,2
american,7
screenshot,1
pathetic,3
available,8
earn,1
workload,2
opening,4
door,5
drastically,2
prediction,2
mostly,12
gut,2
ripped,2
jeanshttpftrsportscom201107michaeljordansobsessionwithrippedjeans,1
hitler,1
stache,1
laker,7
witnessed,3
combined,6
falling,4
jb,2
reactionary,1
althought,1
‚ô°,1
wayyyyyyyyyyyyy,1
swap,4
alotta,1
annoying,6
eh,7
restriction,1
gif,2
eidt,1
tomorrow,4
outstanding,2
brodie,2
appreciation,1
meyers,4
air,4
csnba,1
rewatch,2
drunk,2
titleparade,1
speech,2
reggie,5
royce,2
homer,2
within,13
office,18
fanbase,10
jerk,3
247,1
michael,13
redd,1
moreso,1
unorthodox,2
lewis,3
marvin,2
height,7
somethin,1
grest,1
stayme7o,1
pat,8
neat,3
teos,1
disney,1
8foot,1
gotcha,2
fighting,2
aka,2
expires,1
stood,2
distributor,3
maker,2
improves,5
substantially,1
gtdude,1
growing,3
leftlmao,1
pointer,6
1997,2
mudiay,2
arthur,1
straightup,1
cuz,8
choke,2
adversity,2
carry,4
mill,7
anybody,10
flyknits,1
wearing,3
mc,1
trainer,5
üëÄ,1
footwork,6
suprise,1
user,4
qualify,2
tf,1
checking,1
gifted,2
confused,9
interpretation,2
utah,25
worry,9
jackson,18
essentially,3
finalshurt,1
lmaobut,1
soon,20
namond,1
reward,3
mindy,1
groin,2
cheated,3
carla,1
kardashians,1
jenner,2
accidentally,3
business,10
mogul,1
audience,1
interact,1
repeat,5
standpoint,4
law,3
diminishing,3
marginal,5
utilityhttpwwwinvestopediacomtermsllawofdiminishingutilityasp,1
9m,1
50m,2
coworkers,1
stress,1
dog,5
status,3
highest,10
bonafide,2
equivalent,1
akin,1
5k,1
overrate,1
siakam,1
hardenmelo,1
currently,9
asian,11
inspired,1
text,4
appeared,1
honest,8
wondered,2
asianinspired,1
opted,2
room,19
pursue,3
appropriate,3
wtf,7
gtzubac,1
depended,1
gtkuzma,1
julius,2
replacement,2
gtthe,1
goddamn,5
2014,6
maintain,2
jae,4
omg,3
flashback,1
wolf,17
mix,2
pace,9
40ish,1
separate,1
68,5
gtimagine,1
co,5
pilot,1
wanna,10
revenue,10
legalising,2
weed,1
manning,1
received,1
100x,1
worsewhere,1
comedy,2
overshadowed,2
wil,2
saved,2
stfu,1
elementary,1
impress,1
positionless,2
confident,7
hinder,1
yesterday,4
üòÇüòÇ,2
skipping,1
valid,5
salty,5
okay,14
dream,7
prophet,1
goto,1
gthe,4
competed,1
recovering,2
closeout,1
bread,1
butter,1
trouble,5
punishment,1
slipping,1
jay,1
z,3
01,3
spending,4
night,14
dekker,1
tend,5
insist,2
fleecing,1
hilariously,1
pissed,8
swing,1
walton,4
billy,3
donovan,2
stevens,5
hypocritical,2
blatant,3
skinny,1
buck,18
bulk,1
differently,3
nickname,4
despise,1
hung,2
handcuffed,1
overhaul,1
modernized,1
chest,3
httpswwwyoutubecomwatchvwmyeaylhggw,1
104,1
kidding,2
48,6
uncivil,1
apologize,2
exposure,1
ncaa,5
31st,1
itt,3
projecting,1
nikola,2
assessing,1
broad,1
2018,4
vancouver,2
memphis,4
17,5
grizzly,4
tennessee,2
joking,2
hundred,4
diamond,2
feelsbadman,1
alright,3
recent,7
i‚Äôm,5
there‚Äôs,1
riding,2
it‚Äôs,4
psychological,1
crew,3
pleasant,2
healthversatility,1
donald,1
trump,8
boner,2
material,6
suicide,2
lavar,15
peanut,1
itd,6
sauce,2
instantly,1
loading,1
mr,4
allstars,2
midfirst,1
established,1
midlottery,1
latelottery,1
candidate,4
allnba,5
jazzreally,1
timing,1
pattern,1
calibre,2
surprisingly,3
m,1
jc,2
moving,16
stone,3
legal,2
profanity,2
outta,3
listening,2
shame,7
dislike,2
enjoy,13
noah,19
kurt,1
koq,1
influence,2
lob,7
effectively,2
attacking,1
defending,6
1812,1
followed,3
locker,7
shitty,16
pjax,1
smush,3
7th,4
6moty,3
champ,4
allhair,1
deny,4
historically,8
speaking,6
economic,1
surrounding,4
stadium,5
kelly,4
benefit,14
goodness,1
machine,4
buying,7
multi,1
family,18
property,6
inglewood,1
rating,5
taj,3
75th,1
crapshoot,1
phoenix,9
philadelphia,5
denver,7
junk,1
respectively,2
properly,4
developing,3
identifying,1
bottoming,1
animal,5
mascot,2
confirmed,4
tool,6
pull,17
finding,5
weight,6
awfully,2
disastrous,1
compltely,1
bust,12
lopsided,2
breath,3
shes,2
don‚Äôt,8
claiming,1
learn,12
critically,1
13m,1
beauty,2
expiring,7
renounce,3
resign,6
ufa,1
olshey,1
pritch,1
belong,4
50pt,1
15ast,1
15reb,1
gonzaga,1
basis,1
450mil,1
bil,1
twisted,1
boozer,1
dwill,3
reputation,6
wronga,1
sda,1
hdk,1
lhsdlja,1
f,2
fljasd,1
flasjdf,1
ouiwe,1
rksafl,1
jkasfd,1
hiv,1
aidhiv,1
disgusting,1
nonnonchalant,1
whoever,7
sonicsthunder,1
20072010,1
2008,2
2009,6
2010,4
embiis,1
ginobli,1
dunked,3
fnals,1
banner,2
sucking,2
exchange,2
tyvm,1
52,1
opts,1
2nd,30
misconstrued,1
typed,1
equally,1
decides,3
reddick,3
averaging,7
1844,1
intact,1
interest,7
dying,1
gtexample,1
doubled,1
teamed,1
knock,7
gtalso,1
4523384,1
56,3
513575,1
hardest,4
remotely,2
conceded,1
restructure,1
20yrs,1
paired,1
hughes,1
reaction,6
stumble,1
blindsided,1
judge,10
classic,6
2256,1
translates,3
sounded,1
valued,1
hi,1
amazon,2
stock,2
weylandyutani,1
lolknicks,2
elsewhere,2
immediate,3
actively,1
define,1
lying,2
nap,1
slept,1
towards,8
disliked,3
familiar,5
dealing,5
sheet,3
boring,3
runofthemill,1
vehicle,4
remain,4
restored,1
odds,8
purchase,2
finance,3
soul,5
rarer,1
model,4
meticulously,1
maintained,2
promise,5
worrying,4
anytime,4
zizic,2
isiah,2
noticed,2
spurscavs,1
wereare,1
perfection,1
heir,1
23ppg,1
contributes,2
engine,1
‚Äúbecause,1
she‚Äôs,2
who‚Äôs,1
‚Äî,3
referee,1
‚Äòi,1
tech,3
strong‚Äô,1
specific,6
gendered,1
reference,5
analysis,10
legitimately,4
disrespectful,1
bronbron,1
scream,2
00s,1
finest,1
allaround,2
200203,1
rpg,2
careerhigh,2
bpg,1
451,1
383,1
attached,4
40game,1
httpswwwyoutubecomwatchvdyrlaubutmq,1
plz,1
skeptical,1
extended,6
chain,3
httpswwwredditcomrnbacomments6hg39tcommentdiy1hry,1
scurry,1
pointlessly,1
contrarian,1
250k,1
phenomenal,4
lifestyle,1
shitsville,1
mississippi,1
luxurious,1
fran,2
hark,2
posthayward,1
receiving,3
snake,2
emojis,1
teach,8
wipe,1
sweat,2
postgame,2
interview,6
battiers,2
flop,4
charge,6
battier,3
taker,1
sliding,1
driving,7
viewer,1
contact,8
stoudamire,1
merit,1
dark,1
horse,4
presently,1
lack,12
runnerup,1
control,6
twitter,11
d1,2
askin,2
subreddit,7
advice,3
gettin,1
dannys,1
detail,6
fascinating,2
monotone,1
explaining,3
cba,2
minutia,1
insists,1
impartial,2
writing,7
passion,3
disingenuous,1
recon,1
wb,15
mom,10
laughing,8
odd,4
liking,2
radio,1
reliable,4
citing,1
kaufman,1
cutoff,1
1988,1
88,1
89,1
3mvp,2
appearance,8
gtobviously,1
smoy,1
dibs,1
partner,12
praying,1
kansa,4
sized,1
massive,7
loudest,1
nfl,6
exclusively,3
atlanta,9
department,2
20myear,1
sarcasm,3
self,7
baring,1
1999,3
champion,5
judgesanity,1
linsanity,1
uncomparable,1
lin,11
unknown,2
benchwarmer,1
discovered,1
sustaining,1
callup,1
strikeout,1
stint,3
yankee,6
jeopardy,2
apple,5
orange,3
smell,1
burn,4
bailing,2
austin,4
river,5
aged,1
entitled,1
graduated,2
field,8
demand,7
internship,1
jobinternship,1
excess,1
bringing,2
rarely,2
graduate,1
typical,1
adolescent,1
drivel,1
extremeleft,1
group,9
15hour,1
expensive,9
kobeest,1
asgs,1
prevent,6
delete,7
recommended,1
elaborate,1
fewer,3
timeouts,1
enjoyable,2
unbearable,2
clean,7
unironic,1
bronsexual,1
rebuild,13
immensely,2
ithaywardcrowderdavishorford,1
quiz,1
tweeting,2
son,12
cookie,1
preseason,1
eliminated,6
schedule,2
allowing,3
row,9
hypothetically,1
resting,2
buzz,2
analogous,1
limbo,1
pdx,2
middleoftheroad,1
span,2
pretending,5
karma,4
pg13,5
20x,1
bbb,4
worthwhile,1
15th,2
pg13s,1
chuck,2
agrees,1
altered,1
coaching,13
debatably,1
mobile,4
mentionedbut,1
handled,3
poorly,7
lotto,2
hypocrisy,1
bball,3
halloween,1
sry,1
forever,6
upload,1
viewshttpswwwyoutubecomresultssearchqueryginobilibat,1
immanuel,1
quickely,1
recruit,4
regarded,1
jewelry,1
2000s,6
plate,1
teeth,2
pic,4
referencehttpcdnwpmsadefymediacomwpcontentuploadssites3201310paulwalljpg,1
mda,1
chipped,1
smoker,1
bbq,1
yah,1
winter,3
glove,1
grip,1
uni,1
lollll,1
favorable,1
motion,4
clout,1
thankfully,2
fail,8
ifs,3
pippen,7
rodmanwho,1
goon,2
moreand,1
withhorace,1
kukoc,3
hofer,1
gassing,1
vacuum,3
excuse,10
concept,5
dramatic,2
begin,7
whiteside,4
needle,1
easiest,4
legacy,7
discussed,3
fulfillment,1
dennis,7
prince,2
bembry,1
collins,13
depressing,2
fluke,2
checkmate,1
klaytheists,1
mediocre,5
hog,1
demotion,3
reduction,2
unhappy,4
howwhatever,1
overthought,1
ensuring,1
3ampd,2
struggling,1
turnover,11
creating,8
strong,12
opposition,1
raw,2
gtall,1
gtrussell,1
teodosic,2
nooooo,1
meanhonestlyin,1
seenwouldnt,1
silver,6
lining,2
convincing,2
brass,2
baggage,2
ship,4
dj,10
mature,2
antagonize,1
pent,2
impotent,1
rage,1
videogames,1
ashamed,1
supporter,2
stomp,2
forming,2
coherent,1
storm,1
praising,1
accusing,1
triggered,1
talented,11
maximizing,1
10m,1
20m,2
banned,3
exposed,3
kaep,1
adapt,2
polarizing,1
joey,1
professionally,1
crashing,2
empathy,1
pension,1
playmaker,3
dime,2
optiondidnt,1
whose,6
illegal,8
mod,7
cancerous,1
dominated,3
chief,1
deemed,1
traitor,2
bood,1
resort,1
bailout,1
villainized,1
rape,8
kobewho,1
defined,1
juiciest,1
rounder,9
ballhandler,2
useful,3
tempo,1
methodical,1
everywhere,1
cheaper,2
üòû,1
hesitant,1
pass,5
shabazz,2
damning,2
bright,2
intelligence,1
discus,1
goingson,1
beside,1
occasional,2
unpopular,1
outside,17
unsled,1
roty,1
charles,2
barkley,6
belly,1
button,2
vaseline,1
bar,9
store,6
justification,1
extravagant,1
lecturing,1
yall,18
cannot,6
stopping,5
1015,3
evaporated,1
local,4
construction,1
supply,1
washington,14
impactful,2
viewpoint,1
overpaying,3
replacing,2
marketvalue,1
hindsight,4
directly,1
5star,1
1yr,1
scare,1
qualifying,1
unrestricted,4
onball,1
httpwwwdraftexpresscomprofilelonzoball7229,1
limited,5
worrisome,1
brogdon,4
himwhich,1
brog,1
swinging,3
bledsoedragicteague,1
ish,1
theprocess,1
initiation,1
ritual,1
tone,2
prop,4
nervous,2
persuade,1
orrrrrrrrr,1
everyteam,1
cock,2
1100,1
dub,2
cent,2
puedo,1
pasar,1
pelota,1
ti,1
2003,2
europe,2
2006,2
httpimgservyacomgalerias2yacomimg221db502dc132432di3jpg,1
laugh,5
hypocrite,2
criticizing,1
departure,4
anger,6
73,3
heartfelt,1
message,3
thanking,1
listing,1
bateer,1
jennings,5
battling,1
urgency,1
timetable,1
playoffsecf,1
meantime,1
safe,4
household,1
famous,5
trey,5
burke,5
unquestionably,1
baron,1
richardson,1
sort,8
illusion,1
nellie,1
coached,5
iirc,7
avery,15
grooming,1
hc,1
leno,1
drama,4
shoulder,3
inside,9
breakdown,2
knick,1
predicting,1
underperformedwere,1
err,1
caribbean,1
gayle,1
bravo,2
russel,2
rolled,1
compression,1
underneath,1
explains,2
35m,1
handing,1
ron,1
baker,2
bank,3
41,2
contend,3
mediocrity,2
stronger,2
hybrid,1
defer,1
jimmer,4
fredette,2
fam,2
proof,5
community,5
mentally,3
handicapped,1
everyday,2
trip,4
34th,1
shift,1
phone,7
r,4
argentine,1
shaggy,1
beard,1
strip,4
flubbery,1
kristaps,4
expansion,3
earned,5
username,2
here,8
dribbling,2
breaking,7
nail,4
backboard,3
javale,8
transition,10
circus,3
stealing,2
legendary,2
honorable,2
sequence,1
klove,2
kiss,1
hide,4
nader,1
yabu,1
semi,6
spewing,1
website,1
mastered,1
fadeaway,2
palm,1
gene,3
donate,2
ligament,2
subject,3
woke,2
ftfy,2
mitch,1
prepared,1
oneyear,2
bracket,2
chalk,1
violates,1
spread,4
surpass,1
josh,4
minded,2
expose,2
whining,1
upvotes,3
trolled,1
sob,3
variety,3
drpm,3
dbpm,1
directed,2
nailed,1
refusing,1
proceeded,2
thereon,1
road,7
metric,3
passed,4
relegate,1
requesting,1
impressed,1
figure,10
valuation,2
233m,1
145m,1
pre,1
88m,1
skimpy,1
misinformed,1
proofread,1
hmu,1
oladipo,5
finna,2
justify,7
httpswwwredditcomrnbacomments6mfg7qoc750stephencurrysimpactonhisteammatests,1
sill,1
bimmons,1
official,1
guru,1
adam,11
bequeathed,1
laid,2
1httpwwwespncomnbatrademachinetradeidyccjd8t2,1
sends,19
receives,19
terry,4
tyler,5
superior,4
eddy,3
85,2
sacrificing,2
longrange,1
clint,5
capela,12
trio,4
cp3hardenlove,1
precisely,2
hump,1
lessens,2
2httpwwwespncomnbatrademachinetradeidy76sq2qx,1
omer,2
asik,5
mo,4
harkless,11
brow,2
ideal,4
upside,4
ed,4
jerryd,2
bayless,3
lillardmccollumcousins,1
jahlil,3
okafor,6
bayles,1
jeremy,7
okafors,1
diminished,1
mesh,3
core4,1
complimentary,1
muchneeded,1
veteran,6
deangelo,1
intriguing,1
3httpwwwespncomnbatrademachinetradeidycuqs8ov,1
vonleh,4
allan,5
crabbe,9
acquire,4
pair,3
needlemoving,2
develops,4
illadvised,2
potent,2
4httpwwwespncomnbatrademachinetradeidy7acvc3k,1
variation,1
incentive,2
edy,2
stretch4,1
5httpwwwespncomnbatrademachinetradeidybwex42w,1
marcus,4
mickey,2
lovecapela,1
thomasbradleycrowderlovehorford,1
tatumcapela,1
bronkyrie,1
utilized,1
knockdown,2
gritty,1
merciless,1
morey,3
paulhardenmelo,2
toetotoe,1
zellers,1
naruto,1
naming,1
animecomics,1
1010,2
pasta,2
ballmer,1
10b,1
cuban,5
100m,1
devos,1
owns,3
cruise,1
financially,2
devastated,2
sober,1
misinformation,1
benched,1
523,1
versus,4
111,2
ortg,3
137,1
morris,5
trashtalk,1
german,2
callin,1
caw,1
todaydamn,1
formality,1
deserve,8
retires,6
operating,1
67,3
objectively,3
yachty,1
destroyed,4
markennen,1
questionable,1
bledsoewarrenmiami,1
valueunless,1
possibility,6
stepped,2
willy,1
loman,1
610,2
loop,1
suburban,1
yuppie,1
pushing,3
limit,3
farther,2
1986,1
fragile,1
spike,2
stretch5,1
onetrick,1
pony,1
37,2
greek,1
skott,1
skiles,1
hounding,1
19,9
fucktard,1
ruin,3
lynched,1
daring,1
dare,4
blasphmey,1
maturity,1
buddhist,1
monk,3
olympic,2
puberty,1
grown,4
capable,4
criticism,3
lowly,1
neckbeard,1
mother,8
basement,2
rodent,1
jamming,1
computer,2
bud,2
ipas,1
piss,2
clown,3
pizza,6
homie,2
69,4
boink,1
impractical,1
joker,1
address,3
eaten,2
ass,3
rebuilt,2
kicker,3
overpay,4
plain,2
olajawon,2
mutombo,5
weakest,3
differentiate,1
stlyes,1
closer,5
swayed,1
sfo,1
roughly,1
commute,3
col,1
romo,1
qtr,1
qb,3
dy,2
tht,2
flipped,2
awful,8
apology,3
intend,3
lile,1
douche,3
tj,5
20ppg,1
portion,2
tjs,1
ulis,1
pupper,1
b,9
hearted,1
defence,5
stance,1
killing,6
drain,1
54th,1
disappear,2
4at,1
federer,1
gear,3
ingles,5
filthy,2
rec,1
civil,3
preponderance,1
501gt499,1
99,9
poke,1
oj,1
prosecution,1
criminal,1
trial,1
jury,2
selecting,1
attorney,2
crucial,3
clowning,1
httpsmobiletwittercomrealskipbaylessstatus878029852174987265,1
condemn,1
overloving,1
fyi,1
alcoholic,1
parent,6
gem,1
planet,3
picture,9
orbit,1
optimally,1
stringer,1
reddit,9
stream,3
phil,8
simms,1
poetry,1
nola,1
cared,2
pun,1
intended,1
windmill,2
alley,3
snells,1
structured,3
sterling,1
shocker,1
edge,2
fresh,5
egod,2
1213,1
timberwolves,2
writerspersonalities,1
truthful,1
writerpersonality,1
dm,1
dolan,7
vlade,5
vivek,3
aspect,3
expense,3
income,2
achieving,2
tradeoff,1
kcp,5
questioning,3
named,4
mcroberts,1
babbit,1
generational,1
capability,2
carrying,3
hesitate,2
tag,4
zoolander,1
movie,6
offering,4
nonmoving,1
manages,1
jumper,4
baseline,1
dunking,3
psychologist,1
medical,3
staff,7
affected,2
recovery,3
conclusion,3
deleting,2
daddyüò≠üëã,1
‚ñà‚ñà,1
‚ñà‚ñà‚ñà‚ñà,1
‚ñà‚ñà‚ñà‚ñà‚ñà‚ñà‚ñà,1
‚ñà‚ñà‚ñà‚ñà‚ñà‚ñà‚ñà‚ñà‚ñà‚ñà‚ñà,1
üö´errorüö´,1
üíØtrueüíØ,1
daddy,2
irreplaceable,1
üíñi,1
daddyüíñ,1
send,6
üë™daddiesüë™,1
üí¶cummiesüí¶,1
‚òÅÔ∏èsquishy‚òÅÔ∏è,1
again‚ùå‚ùåüò¨üò¨‚ùå‚ùå,1
cummies,1
üö´üö´üëø,1
squishy‚òÅÔ∏èüí¶,1
kittenüòΩüëºüí¶,1
daddyüòõüòõüíïüíïüí¶üëÖüëÖ,1
image,7
fanbases,3
forbid,3
necessarily,5
math,4
incorrect,4
48713,1
1397,1
500,5
reminder,2
thoughtprovoking,2
encourage,2
insightful,3
bot,4
automatically,3
moderator,3
subredditmessagecomposetornba,2
concern,5
generally,6
convo,1
amillion,1
meniscus,2
ending,5
heals,1
cautious,1
concerning,2
disputing,4
youngins,1
lingo,1
buckle,1
panic,2
cluckin,1
food,7
covering,2
upper,3
lip,4
spiraled,1
measure,1
pee,1
sitting,3
jack,3
gate,2
illogical,1
thon,1
farouq,1
defensely,1
continues,3
previously,1
okurs,1
blooded,1
nephew,2
bend,2
ignorant,4
gucci,1
prestigious,1
rapper,4
l,6
everytime,3
yhat,1
ellies,1
fouling,4
reminded,1
survive,3
management,4
jeff,5
pan,3
biyombo,4
route,2
hahahahahah,1
e7mo,1
hottest,1
confusing,1
oregon,2
hereplease,1
raising,1
rent,1
shitpost,4
qualification,1
apparent,3
refers,1
ha,3
chickachickachicka,1
walkin,1
singin,1
youknowwhat,1
youknowwho,1
cute,2
gutted,2
ancient,1
notch,1
centre,1
sketchy,1
gunna,1
attributed,1
shitshow,2
foe,1
repetitive,1
taken,9
pride,1
applies,1
teamssportsconferences,1
frustration,3
kanter,4
outlawed,1
toxic,2
relate,1
ta,1
crowders,1
rant,1
rpm,5
wut,1
150,2
challenge,4
ripping,1
association,3
hat,1
strange,2
cringe,1
scott,2
tot,1
delay,2
prevented,1
pursuing,1
interested,5
scooped,2
applied,3
citizenship,1
germany,1
national,5
futbol,1
cheat,4
upon,5
lvl,1
sinking,1
incredible,6
alongside,5
12m,1
5725,1
5626,1
counted,1
tiebreaker,1
homophobic,2
explanatory,1
bosch,1
overreact,2
zaza,7
pachulia,1
sloppy,2
violent,1
kp,9
hugest,1
ebbtg,1
thug,2
mehhhhh,1
thatll,4
300k,1
19596,1
seat,6
15309,1
36450,1
quickly,8
lmfao,3
photo,3
rladyboners,1
cried,1
laughter,1
3040,2
additionally,1
screener,1
easier,9
btw,3
outrun,1
dan,2
potentially,4
gamble,4
bender,1
thoroughly,3
unfortunate,1
hook,2
parson,2
arm,4
deeper,5
indicator,2
2000,6
pg13hibbert,1
cle,3
cj,9
cowboy,1
1995,2
choked,2
aaron,3
bandwagoning,1
patriot,3
cub,2
kyrie4s,1
release,3
colorway,1
purple,3
praise,1
jvg,2
distracted,2
rihanna,1
walking,2
killer,1
airball,1
advanced,7
shout,1
turnaround,3
park,3
crowd,4
fart,4
pfft,1
clever,1
told,14
troll,1
mentality,3
resemble,1
dumbass,6
foremost,1
mindset,1
data,5
10th,2
huh,11
smooth,2
ilyasova,1
muscala,2
watchable,2
aioli,1
classy,1
dipping,1
fry,1
mayo,1
garlic,1
1617,1
youngest,1
210,1
ironed,1
wrinkled,1
forrebounding,1
uiliketowhispertoo,1
schmacker,1
koby,1
altman,1
svgs,1
mustache,1
government,3
publicity,1
houseshttpswwwgooglecomsearchqnailhouseampsourcelnmsamptbmischampsaxampved0ahukewii1mdwv6vahxhivqkhflzcuyqauicigbampbiw1920ampbih987,1
homeowner,1
refuse,2
bulldozer,1
rapid,1
threatened,1
offseasonsounds,1
2k,7
consisting,1
teenager,1
possessing,1
colored,1
robotic,1
linked,1
gigantic,1
robot,2
eliminate,2
contention,3
29,6
insanely,4
rfatpeoplehate,1
httpimgurcomabwrsj,1
hansborough,1
yinka,1
university,2
atrocious,1
google,6
91,2
honoring,1
honored,1
criticize,2
generalization,1
countdown,1
murder,3
wisdom,2
jerret,1
hbos,1
ballers,1
instagram,6
randomly,1
research,3
googling,1
column,1
googled,1
249,1
lb,2
gtcavs,1
45,7
prententious,1
asshat,1
knocking,1
ubratwurstbob,1
grabbing,3
drill,2
ud,1
empty,3
youunless,1
bam,3
adebayo,1
kennard,1
pivot,8
nasty,5
raped,2
ahhhh,1
admitting,1
dysfunctional,3
precious,1
trigger,1
rfunny,1
aught,1
comp,2
transcript,1
breakfast,2
stuffing,1
rasheed,1
sizeable,1
12million,1
requisite,1
bat,1
correlation,3
practice,7
guide,1
handthe,1
autograph,1
squiggly,1
circle,2
moral,6
abuse,4
present,1
eg,4
cecil,1
elephant,1
shared,4
knowledge,5
raise,3
conservation,1
immoral,1
tied,5
originally,2
uncomfortable,2
truth,3
ignore,3
nicer,1
hunt,1
endangered,1
survival,1
eating,5
attendance,3
land,3
boost,2
knonke,1
satan,2
colorado,1
ram,1
mortgage,3
correct,6
curve,1
optimal,1
bledsoemelo,1
blessing,1
disguise,1
gtat,1
recourse,1
mcgee,4
slot,4
midlevel,1
gtto,1
tad,2
precarious,1
thirdstring,1
gtthirdyear,1
kevon,1
looney,1
scarce,1
growth,3
ketchup,1
glass,6
bottle,8
secondyear,1
damon,3
isn‚Äôt,1
lighting,2
bestlooking,1
xyz,1
123,1
rush,2
itworking,1
rereading,1
extrapolation,1
productive,5
intuitively,1
relative,4
statline,2
149,1
quintuple,1
evidently,1
beverley,6
avgd,1
39,1
baseball,9
draftee,2
enters,1
demanding,4
costing,1
reenters,1
immigration,1
dallas,11
clearing,1
suburb,2
dinged,1
dense,1
dominique,1
wilkins,1
starbury,1
guranteed,1
heild,1
justin,2
jacksonharry,1
donavon,1
mitchel,1
malik,1
overestimating,1
thibbs,1
underestimating,1
individual,6
ethic,3
basing,4
mirotic,1
habit,1
arriving,1
20132015,1
touted,2
myers,3
3151,1
youngster,1
invest,2
access,6
kleiner,1
perkins,3
investment,1
powerful,2
waited,1
mac,1
carried,9
enrich,1
tearing,1
apart,3
godly,1
seeya,1
phrase,4
depression,1
resonated,1
bleakness,1
exum,3
comparing,8
granted,3
ko,1
tldr,2
gt09,1
tmac,4
nonreported,1
occur,1
heshe,1
police,3
file,1
saric,1
visionpassing,1
gtdennis,1
hostile,1
hostility,1
parroting,1
shitposts,5
section,2
plethora,1
burdened,1
timezone,1
pst,2
daily,2
lurking,1
inputting,1
request,2
dope,3
faster,1
rnfl,2
voter,1
survivor,1
content,8
collabs,1
timewasters,1
outwardly,1
cs,2
preposterous,1
technical,1
display,1
sportsmanship,1
wealth,3
neighborhood,2
welloff,1
counsel,1
loud,2
brash,1
speaks,5
slang,1
winging,1
deserved,5
201,1
2004,3
2001,1
focused,3
rumored,1
alittle,2
tonight,5
grab,6
stashing,1
serbia,2
gtwhen,2
remarkable,3
remarkablehttpswwwbasketballreferencecomplayoffs2014nbawesternconferencefinalsthundervsspurshtml,1
94,2
yh,1
95,2
lal,2
longtime,2
tiger,3
bontemps,1
tba,1
calculating,1
nicholson,1
figured,2
38,5
yikes,1
becauseshes,1
plainly,2
admits,1
female,2
perspective,5
croatia,1
montenegro,1
93,1
maverick,2
1171,1
differential,3
152,1
1072,1
bulls4life,1
luv,1
mount,2
vesuvius,1
ayo,1
station,1
malone,6
keeping,9
wiz,3
share,7
recognizable,2
stretched,1
mid20s,1
greater,3
component,2
1955,1
1520,1
communicate,3
social,4
selfies,1
instafun,1
active,5
initiative,1
squat,3
box,7
vert,1
rooting,4
devistated,1
lesser,6
independent,2
pretentious,1
bogut,6
lateral,4
dae,3
speights,1
waiter,7
richaun,1
holmes,1
37th,1
flash,1
brilliance,1
fulltime,1
httpswwwyoutubecomwatchveqawdojuxos,1
firework,1
people‚Äôs,1
blinder,1
embarrassing,3
switched,2
fairly,2
13369671007,1
ptsrebastsblksstls,1
81,1
nashmarionstoudemire,1
ssol,1
seven,6
dantoniled,1
upgrade,5
slate,1
november,1
parlayed,1
1500,1
swept,3
century,3
satchel,1
paige,1
custodian,3
bummed,2
rooted,1
patterson,5
abrines,1
coty,1
dantoni,5
clutchtime,1
appears,2
joy,1
character,3
bynum,5
dominating,4
laughably,1
pov,1
finagled,1
rd,2
additional,2
bean,1
commit,4
patience,4
livesyall,2
unselfish,2
tolerance,1
improvisation,1
popovich,2
leeway,1
whereas,3
blind,2
piano,2
topless,1
netflix,1
ranch,1
wondering,3
hispanic,4
spanish,2
view,8
associationcurry,1
n,4
putin,1
daystraitor,1
dems,1
disclaimer,1
rememberif,1
ason,1
cousy,2
chocolate,1
muggsy,1
typically,1
oldermore,1
settled,1
extend,2
planting,1
bomb,2
sympathetic,1
tyke,1
villain,3
leak,7
magnitude,2
chanxe,1
segment,2
fill,5
nonstop,2
coverage,1
timeslots,1
gossip,1
clickbaity,1
depend,1
wellspoken,1
shine,1
die,5
hugely,1
purely,3
consecutive,1
cavswarriors,1
narrow,1
chapter,2
speak,3
credibility,1
cavslebron,1
purchasing,1
topic,6
giant,4
suspicious,2
whore,4
isooriented,1
ballmoving,1
rhythm,3
triangle,3
touched,1
schemed,1
highlight,5
videsi,1
justdifferent,1
burt,2
steele,2
intimate,1
secret,2
grave,1
bond,3
faith,2
shaken,1
vulnerable,1
feast,2
problematic,2
shittier,2
sample,3
wikipedia,1
padded,1
earlymid,1
pistonsspurs,1
rodmans,1
padding,2
tarnish,1
425,1
unlikely,5
unfolds,1
mle,5
somebody,8
monte,2
fond,2
memorizing,1
fallen,1
agentdad,1
publicly,3
pointing,3
bruin,1
buffalo,3
pepperoni,1
nippled,1
stressful,1
crack,6
deciding,2
versatility,3
580,1
31ppg,1
651,1
25ppg,2
bbut,1
635,1
spite,2
98,2
3m,1
538,4
poll,1
footer,2
unit,4
created,5
mikhail,1
prokhorov,1
russian,3
choo,2
carreta,2
cafecito,1
candle,1
islas,1
canarias,1
el,1
rinconcito,1
latino,2
sergios,1
palacio,1
de,4
los,4
jugos,1
havana,1
harrys,1
restaurant,3
versailles,1
chuleta,1
tasted,1
platenitos,1
maduros,1
rancid,1
fish,1
deleted,3
determination,1
reincarnation,1
dieng,3
tajs,1
diengs,1
relation,2
credential,2
norcalwarriorshardest,1
na,3
peyton,3
ethered,1
obsessed,2
atkinson,2
trotted,1
lowe,6
affecting,2
40m,2
sunscreen,1
neglect,1
modicum,1
impartiality,1
poster,2
traveling,1
owe,1
fucker,2
mega,3
admired,1
basket,7
crafty,2
bully,2
hoop,4
upandunder,1
gripe,1
select,5
setup,1
tale,1
decorated,1
consideration,5
criterion,3
russkd,2
intensity,2
safety,1
intense,2
physically,2
drained,2
game6,1
minority,1
contesting,1
üòÇüòÇüòÇ,1
consciousness,1
redditing,1
ignoring,1
lifting,1
10pm,1
sat,3
latched,1
lonzos,4
leadership,2
provided,3
gtwomen,2
virgin,1
marry,2
divorce,9
marriage,8
premarital,6
sex,5
nine,2
gtbut,2
surprising,2
researcher,1
explanation,2
hypothesized,1
statistical,2
study,2
theorized,1
presumably,2
married,2
overemphasized,1
romance,1
novel,2
agonizing,1
suitor,1
viable,2
gtother,1
marital,2
gtour,1
wolfingers,1
sexual,6
galena,1
k,3
rhoades,1
caucasian,1
behavior,3
notably,1
asains,1
parners,1
gtsince,1
onethird,1
wolfinger,1
caveat,1
reader,1
brief,1
stable,1
tenable,1
entirely,4
spurious,1
product,2
characteristic,1
suffered,4
childhood,2
extensive,1
hooking,1
religious,1
risky,3
tinder,1
vague,3
slightest,2
language,2
natively,1
straightforward,1
sky,1
wet,2
vast,4
overstatement,2
kawhis,2
25th,1
scottie,2
223,1
218,1
chil,1
gil,1
logjam,2
signingtrading,1
emergence,1
vucevic,1
260,1
specimen,1
invested,4
xenophobia,1
witness,1
vasquez,1
evert,1
rolling,2
bite,2
spelling,2
1834,1
paraons,1
unimpressive,1
hards,1
throttled,1
ubanjosbadfurday,1
sunday,1
afternoon,2
meet,9
underage,2
mexican,1
fellate,1
blasphemous,1
inconceivable,1
reduce,2
yajirobe,1
goku,2
fatass,1
everyones,4
contrary,1
irrationally,1
rugby,1
invalidate,1
harp,1
starving,1
2a,2
tbd,1
2b,2
kaj,1
td,5
picking,2
insulting,2
childish,1
visited,1
gracious,1
bitter,1
jealous,2
swanigan,2
legitimacy,1
replied,3
relax,1
nostalgia,2
studying,1
sir,2
rwarriors,1
ban,4
matt,5
scientifically,1
httpswwwyoutubecomwatchvowocezha6ci,1
cover,6
biomechanical,1
resistant,1
injuryprone,1
mechanic,2
recreational,1
magnify,1
importance,3
misplaced,2
purposely,1
lux,1
punitive,1
rewarding,1
deepest,1
pocket,3
frankly,3
kl,1
dd,1
combo,2
crumble,1
org,1
friendly,1
ramble,1
headtohead,2
httpforumsrealgmcomboardsviewtopicphpf6ampt1591928,1
peaking,1
description,1
donkey,1
201415,1
pile,3
dogshit,2
controlling,1
fickle,1
wellliked,1
beautiful,1
emphasis,1
hb,1
highkin,2
anti,1
billboard,1
proposal,1
adjustment,5
disintegrate,1
leglue,1
fundamental,3
successfully,1
taping,1
hinge,1
rarity,1
cmon,2
moron,2
falcon,1
playcalling,1
tuck,1
seahawks,1
tom,3
brady,5
annihilated,1
approaching,1
20000,2
guessing,5
cook,2
blaze,1
leaning,4
morning,2
probability,1
venezuelan,1
colombian,1
brazilian,1
fellow,2
californian,1
descent,1
scene,2
vibe,2
flavor,1
snubbed,2
fmvp,2
stans,1
awake,1
15157235,1
reallllllllly,1
maxwell,2
18952821,1
61,2
choose,4
lied,3
14th,3
21st,1
undersized,2
materialized,1
unsigned,1
international,1
greece,2
antetokounmpo,2
france,1
27th,1
antetekounmpo,1
scrappy,1
gym,5
rat,1
coast,3
360,2
oop,2
httpswwwyoutubecomwatchvkpuvtziizfm,1
propose,1
810,1
forcing,1
willingly,1
tab,1
hysterical,1
holyy,1
juice,3
rubiogtteague,1
gibson,2
murky,1
severely,1
tyus,1
cole,2
aldrich,1
wheelchair,1
warmer,2
usual,2
offthebench,1
stereotypically,1
puerto,1
rican,1
gift,3
christmas,2
celebrate,1
cheer,2
tour,1
3year,1
45m,1
continuity,1
void,1
simmonshardawaygreen,1
righthttpimgbleacherreportnetimgimagesphotos003439241ef254e0efa447cb8f5dc6d4e1ea84ef8cropnorthjpgh533ampw800ampq70ampcropxcenterampcropytop,1
downvotes,5
ryno,6
montys,1
deficiency,2
scarlett,1
johanneson,1
bathwater,1
plot,1
twist,2
factual,1
830,3
maaaaan,1
gdragic,1
sleepy,1
iso70,1
pp,1
rewrite,2
sixth,3
noticing,1
iverson,5
top7080,1
maaaaaaaaybe,1
dumbfounded,1
wwf,1
baylees,1
relearn,1
woah,1
09,2
loses,5
chart,2
rely,5
cupcake,2
weighting,2
jjax,1
satisfied,1
nitpick,1
tokenism,1
representative,1
underrepresented,1
quote,7
consumed,1
unreal,2
trap,1
minneapolis,2
600,1
checked,2
dome,2
oscar,3
sanity,1
bonehead,1
slaving,1
277,2
surpassed,2
slower,1
adjusted,4
unadjusted,1
dozen,3
dwyane,1
284,1
flutter,1
eyelash,1
vision,8
sneaky,1
sac,4
uwisteriahysteria,1
meta,3
x,2
forgettable,1
2time,1
evidenced,3
vibrant,1
confirm,3
inform,1
cannon,1
fodder,1
untill,1
decline,6
obscure,2
bpm,10
unprofessionalism,1
httpswwwyoutubecomwatchvuqxaullaqse,1
noooooooo,1
possibbllleee,1
againanthony,1
swishiest,1
arcing,1
buzzer,3
beater,3
nurturing,1
nate,2
mcmillan,1
baltche,1
implying,2
award,4
straw,2
principle,2
postseason,2
sweeping,1
heatles,1
3035,1
conor,1
mcgregor,1
diaz,1
httpswwwyoutubecomwatchvmukzktfpwz8,1
httpswwwyoutubecomwatchv7o0jhtoa3a8,1
milsap,1
isu,1
shithole,1
omaha,1
inspire,1
nebraska,2
iowa,1
ic,1
moines,1
waterloo,1
quan,1
wonderful,1
amana,1
pella,1
decorah,1
okoboji,1
vernon,1
cornfield,1
heaven,3
wishing,1
\mail,1
arrives,1
door\,1
mmmr,1
kihow,1
mmits,1
written,4
kiyou,1
httpiimgurcomkkccr9epng,1
dramatise,1
scout,1
ute,1
officer,3
license,1
registration,1
belongs,1
booted,1
snyder,2
noble,1
pitch,1
beach,2
spoken,2
exploded,1
press,5
rampage,1
streamer,1
twitch,2
occasionally,1
bizarre,1
fifteen,3
measuring,1
bucksfor,1
june,1
managing,1
earner,2
allow,3
employer,2
applying,1
manager,3
application,1
passive,2
authority,1
combine,4
ewing,1
dantonis,2
arrival,1
ballhogs,1
setback,1
exemplary,1
leaguetheres,1
bye,2
rehearsed,2
target,2
sheesh,1
nonplayoff,1
httpswwwyoutubecomwatchvanz3vdujcs,1
httpswwwyoutubecomwatchvpqjjaalhcwy,1
httpswwwyoutubecomwatchv1ams6khrypm,1
crushing,1
teague,9
committed,4
anyhow,2
stink,1
landscape,1
wc,2
reverse,1
jinx,1
slug,1
supposedly,1
preaching,1
choir,1
liangelo,1
motor,2
frustrated,1
sledgehammer,1
damage,1
standing,4
tweeners,1
mclemore,2
kentucky,1
rfas,1
restricted,3
provoked,1
weekend,1
11am,1
comprehend,1
hurr,1
durr,1
desk,2
appealing,2
professional,12
spirit,1
parity,3
extent,2
formed,3
attempting,3
equate,1
requires,2
mental,2
gymnastics,1
packer,1
cav,1
hid,1
tumor,1
fansmedia,1
visibly,1
protruding,1
accepted,1
gunk,1
flowing,2
dangerous,3
loose,2
provoking,1
idol,2
plug,1
servant,1
analytical,1
technique,5
thenand,1
ranked,3
education,1
fluky,1
planning,1
reassess,1
quad,1
pointed,2
blast,1
ancestry,1
capacity,2
tunnel,3
trainwreck,1
erected,1
drug,2
answering,2
incorporates,2
repeating,1
insult,3
charlie,1
peer,2
rougher,1
redtubecom,1
vintagecurrentor,1
vr,1
halfdozen,1
instance,1
herehttpswwwredditcomrnbacomments59frghpostgamethreadsanantoniospurs10defeatthed9848sf,1
overshooting,1
commitment,2
wavering,1
ofcourse,1
individually,4
inept,1
scary,2
shortcoming,1
59,1
43,1
notice,5
akron,1
native,1
carpet,2
iconic,1
requirement,1
connected,2
snowball,1
vicinity,1
consensus,3
curse,2
opt,6
schmuck,1
recognition,1
aminu,4
sfs,1
deservingly,1
44,1
solomon,1
53,1
milo,1
page,4
devoted,1
sensual,1
depiction,1
torch,1
western,3
outlasted,1
simpler,2
slander,1
awkward,2
commercial,3
lockouthttpwwwyoutubecomwatchv0clcrkh5somampfeatureplayerembedded,1
ramschargers,1
ucla,1
uscs,1
facility,2
southern,1
thanksgiving,1
turkey,1
hypnotize,1
metropolitan,1
stray,1
aircraft,1
carrier,1
besides,6
againmaybe,1
cornerstone,3
linrussell,1
backcourt,3
bench‚Äù,1
newly,1
minted,1
writer,3
‚Äúfranchise,1
player‚Äù,1
httpswwwnetsdailycom20177115908142dangelorussellfranchiseplayer,1
20122013,1
pnr,2
toetoe,1
forth,3
capitulating,1
confirmation,1
officially,3
released,1
gtalthough,1
grain,2
distrusting,1
disregarding,1
cnn,2
msnbc,1
postedreported,1
untrue,1
write,4
dismissing,2
foolish,1
skeptically,1
seek,1
educated,2
dismisses,1
avenue,1
direction,3
heavily,5
deterred,1
profound,1
described,1
comparative,1
addressed,2
bound,5
creative,2
entice,1
cleaned,1
birth,1
patient,2
mahmoud,1
abdulrauf,1
tourette,1
anthem,1
spin,1
bbiq,1
hardwood,1
lookin,1
30millionseason,1
instant,1
override,1
information,5
polished,1
skinner,1
handler,3
backwards,3
profession,1
correct‚Äã,1
lift,2
understanding,6
establish,1
aborting,1
travel,4
subtle,1
nonetheless,1
cape,1
evertime,1
thj,3
edible,1
stylisticmatch,1
nightmare,2
hypothetical,4
butterfly,1
hows,1
hebrew,1
‚Äè◊û◊î,1
◊†◊©◊û◊¢,1
◊ê◊ó◊ô,1
carve,1
ala,1
don¬¥t,1
karl,4
bastard,1
baby¬¥s,1
mamma,1
email,1
forwarding,1
typo,3
coincided,1
increased,4
overnight,2
remove,1
outweigh,1
pity,2
pretend,3
gtback,1
wasting,2
frugal,1
24ppg,2
contains,1
itwas,1
ofthey,1
gettign,1
ramon,1
shelburne,2
mislead,2
meeting,6
monday,2
considerable,1
oncourt,2
denial,1
trevor,2
distraction,2
20k,1
banging,2
chick,1
gap,2
flack,1
complain,1
correlate,2
emphasizing,1
bounty,1
slap,3
irrelevance,2
stls36,2
‚Äì,6
03,1
blks36,2
0072,1
dws,2
1024,1
drtg,2
04,2
0060,1
1045,1
2x,1
11x,1
worthy,2
sabonis,2
indy,2
leaguue,1
ugk,1
tape,4
fed,2
lean,3
waive,4
tate,3
unc,1
inaudible,1
mumbling,1
hahaha,1
duke,3
connor,1
sys,1
quicken,1
loan,3
predatory,1
thieving,1
scumbag,1
elgin,2
miserable,2
verticality,1
damian,3
finishing,5
tore,1
mcl,1
sustain,2
incorporate,1
miamidade,1
county,2
jokingly,1
thoughtless,1
promoting,1
ringer,1
redditors,1
sexist,2
reffing,1
determine,1
allegedly,1
discrepancy,1
privy,1
gtespn‚Äôs,1
brenner,1
serge,3
ethical,1
journalist,2
relationship,5
abrasive,1
savant,1
chosen,1
mentoradvisor,1
ascribe,1
philosophy,2
downplay,1
2225,1
sbnation,1
doomsday,1
preparing,3
responding,2
uk,4
undrafted,3
devin,1
calera,1
exceeded,1
joerger,1
gtif,1
substance,2
debate,2
myopic,1
illustrate,1
hopingrelying,1
butthurt,1
huffing,1
puffing,1
squaring,1
crushed,3
ayyyy,1
unbanned,1
unproven,1
randleingramball,1
contributor,1
stride,1
blog,2
unlucky,1
completes,1
gathering,1
ground,5
rethink,1
swear,4
car,3
overwatch,1
swoon,1
wth,1
dikembe,1
mpolondo,1
mukamba,1
jeanjacques,1
wamutombo,1
rewarded,1
pickup,2
baiting,1
accepts,3
durable,1
oklahoman,1
cling,1
ownership,5
incompetent,3
hahha,1
dipshit,1
tiny,1
sympathy,1
humanized,1
hillary,1
blasted,1
coal,1
miner,1
gsws,1
lmfaoooooooooooooooooo,1
tongueincheek,1
cdr,1
waistline,1
communication,2
oneonone,1
rotating,1
communicating,1
responsible,3
kennards,1
predraft,1
mitchell,2
sketcher,1
mckinneyjones,1
suited,3
clarify,2
leslie,1
translate,2
domino,1
dumbest,2
sickest,1
uninspired,1
definition,4
httpstwittercomzachlowenbastatus880962392854851584,1
rc,2
offended,3
3111,1
62,1
downloading,1
9697,1
code,4
3011523,1
18th,1
x3,3
x6,1
background,4
hears,1
q,1
disappeared,1
frustrating,1
translation,1
accurate,2
bum,1
miserably,1
5v5,1
serbian,2
red,6
atm,2
softly,1
whatre,2
rejected,1
reluctant,1
rn,1
wary,1
overpays,1
mall,4
debt,1
prolli,1
environment,3
randolph,4
laterhttpwwwfoxsportscomcollegebasketballstorydennissmithjris110percenthealthyandreadytoleadncstatetoabigseason080316,1
ap,1
sponsorship,1
proposed,1
holographic,2
appearing,1
murrayharris,1
nvm,2
multiply,1
110th,1
cocaine,2
stratosphere,1
heroin,2
broken,1
messaged,1
hardenrockets,1
kawhispurs,1
follows,2
zhou,2
qi,2
doublelift,1
recommendation,1
ot,1
wizardsceltics,1
overtime,3
dive,2
headfirst,1
stair,1
drob,1
shouted,3
jaz,1
kurtis,1
moses,1
roc,1
moncrief,1
sniper,1
whenif,1
lethal,1
shirtless,1
dotted,1
tochills,1
remaining,1
ran,4
20182019,1
spotlight,1
worried,4
rightfully,3
realistically,7
reliant,2
disappearing,1
switching,2
politically,1
liberal,1
biased,3
warner,2
publication,1
agenda,1
aligned,1
wealthy,3
crime,2
pit,1
trait,1
kiddgilchrist,1
cody,2
kentavious,1
caldwellpope,1
malcolm,1
maurice,2
rodney,4
hood,3
carterwilliams,1
dorian,1
finneysmith,1
norman,2
powell,2
shane,1
larkin,1
spencer,1
dinwiddie,1
mcadoo,1
connaughton,1
kj,2
mcdaniels,1
wiltjer,1
gbinije,1
johnny,2
obryant,1
chasson,1
marshall,1
jarrod,1
uthoff,1
branden,1
dawson,1
rakeem,1
khem,1
birch,1
quincy,1
marquis,1
adonis,1
josiah,1
lebryan,1
hairston,1
myck,1
kabongo,1
jabari,2
behanan,1
bj,1
complicated,1
prig,1
cp3s,1
wcsf,1
lavars,2
til,5
breakout,3
garden,3
delaware,1
north,2
vc,4
vinces,1
cocked,1
montana,2
babe,3
ruth,1
rafael,1
furcal,1
slugger,1
pound,1
rapsceltics,1
indignity,1
hield,1
garrett,1
temple,2
kosta,1
koufos,1
anyones,1
minny,2
dumpster,2
roasted,2
clinic,2
halfway,1
visit,4
mcgoddell,1
dario,2
supper,1
shirley,1
homemade,1
cheese,1
steak,1
sauteed,1
onion,2
corn,1
cob,1
mashed,1
potato,1
othella,1
harrington,1
meh,3
httpwwwnpredditcomrtimberwolvescomments6l1drxhereisalistofavailablewingplayers,1
friendship,1
shrink,1
meaningful,1
357,1
halfman,1
halfamazing,1
bg,1
limitation,4
conserving,1
elevated,2
inflation,3
th,2
sr,1
8990,1
4x,1
5x,1
evident,1
mothafucka,1
65,1
atleast,2
ppgor,1
ofc,1
impsct,1
gti,3
lightening,1
lacobs,1
300mil,1
replenishing,1
imaginary,1
rivalry,3
gulf,1
mexico,1
humid,1
eat,2
exercise,1
patch,3
gtathletes,1
targeted,1
strangling,1
allegationshttpbleacherreportcomarticles2632741zachrandolphsaccuserreportedlysaysshemadeupassaultallegations,1
disapeared,1
horrible,8
outsider,1
judging,2
guilty,3
miracle,1
aunt,1
hessie,1
penn,1
jumbo,1
waltonit,1
pedrigree,1
morrison,2
seriousness,2
200910,1
revisionist,2
buzzword,1
thrown,2
lo,2
a1,1
sidekick,1
apex,1
oft,1
xfactor,1
gswheatles,1
posit,1
backtoback,1
supporting,3
cast,3
category,4
gasolforgasol,1
tbf,2
counsin,1
related,4
hoooooly,1
lmamaooooo,1
speed,5
inbounds,2
inbounding,1
legally,1
prevents,1
preventing,1
ahhh,1
fallout,1
noncontract,1
nixing,1
httpswwwyoutubecomwatchvmmlnwnxmty,1
semantics,1
haywards,4
fade,1
steven,1
payment,2
derozagobert,1
itbutler,1
masquerade,1
bullshitted,1
wig,7
placed,2
atop,1
superglued,1
taped,1
lorde,8
hoe,2
chant,1
christian,1
moist,1
lord,6
music,2
careful,2
sulking,2
smirk,1
homade,1
dynamite,1
louvre,1
ache,1
virtue,1
melodrama,1
snatching,1
popping,3
freeing,1
slut,1
twerking,2
trend,1
died,1
pouring,1
cheek,2
poppery,3
melodramatic,1
snatch,1
briefcase,2
reveals,1
perfume,2
camera,2
filming,1
hike,1
label,1
essence,2
uwonderbitch26s,1
beg,1
showcasing,1
vial,1
manipulative,1
36pts,1
49fg,1
39fg,1
booed,1
indianaboston,1
cheered,1
staple,2
aa,1
imagined,1
stealth,1
tactic,2
pregnant,1
kawhiand,1
dedicated,1
dept,1
advisor,1
goofed,1
boot,1
rfa,1
freakish,1
exaggerating,1
undeniable,1
mjkareem,1
patty,3
thrill,1
upcoming,1
spontaneously,1
suspended,1
vinny,1
del,1
negro,1
tyron,1
corbin,1
surroundings,1
pittsburgh,1
runner,1
anybodys,2
okchouston,1
57,1
gamesseason,1
breaker,1
bold,1
tnt,1
derek,1
fisher,2
racing,1
crown,1
wiltrusselloscarwest,1
attitude,5
wavered,1
yip,1
shrug,1
acknowledged,1
offence,2
slav,1
plead,1
rob,1
gun,2
ricocheted,1
abrams,1
sportswriter,1
alive,3
fr,1
viking,2
fanskol,1
rodgers,1
quarterback,1
raining,1
forgetting,1
70k,1
welcome,3
nbanew,1
wojs,1
generationally,1
systemscoaches,1
dejonte,1
plugged,1
fisiciously,1
crossed,1
booth,1
torched,1
rain,1
nominate,1
stepback,1
jargon,1
haberstroh,2
daft,1
signify,1
connotation,1
fitting,1
jonas,1
valanciunas,1
casey,3
jv,3
ifwe,1
likelook,1
torn,1
beer,1
brush,1
sole,1
ineptitude,1
prestis,1
behalf,1
blank,1
yearhe,1
aroundoverthen,1
passthen,1
bricked,1
airballed,1
10x,1
aggressive,3
happier,1
gtfor,1
uninformed,1
crossover,2
bomba,1
forum,1
calm,3
27m,1
chooses,2
argues,1
catapult,1
incarceration,1
unprotected,1
evenish,1
epic,2
swaggy,3
thornton,1
therell,1
rigged,1
mass,2
marquese,1
chriss,2
necessary,4
offender,1
ü§¶üèΩ‚Äç‚ôÇÔ∏è,1
admiral,1
dethroning,1
brinate,1
webber,1
joakim,2
ugly,4
silky,1
toasty,1
abroad,2
remembered,3
representing,1
gopher,1
angeles,3
removed,5
baylor,1
alma,1
mater,1
alumnus,1
oden,2
warehouse,3
acre,1
hire,4
security,1
patrol,1
janitorial,1
kwame,1
rookiesophmore,1
beasting,1
painful,1
offhand,2
hotgarbage,1
cartwright,1
purdue,1
stacey,1
disappointment,2
17m,1
shredded,1
confirming,1
skillset,2
relegated,1
suitable,1
coulda,1
mins‚Äîthats,1
wa,1
emotionally,1
freudian,2
slip,2
politely,1
mid2000s,1
traditional,2
deadly,2
gf,1
2020,2
conflicted,1
complementary,1
lyles,2
compliment,1
palatable,1
orchestrated,1
spitballing,1
parody,1
dang,1
realgm,2
viz,1
filter,1
massively,1
chuckle,4
disposal,1
mri,1
addy,1
aerobically,1
durabilitystrengthathleticism,1
riiight,1
freaking,1
internationally,1
spain,2
italy,2
totem,1
pole,1
boxing,2
relies,1
tremendous,2
blaring,1
downside,2
apron,1
joseph,1
bae,2
cave,1
capped,1
intention,2
horrendous,1
ernies,1
maxing,1
spreading,1
wherever,2
oklahoma,3
congrats,1
detracts,1
surely,2
decrease,3
normally,2
decisionmaker,1
rope,1
successful,6
playersturnedfrontoffice,1
treasurer,1
nbapa,2
analytics,1
input,2
improvement,4
entered,2
leap,2
performing,2
uhhbeef,1
efficiencystan,1
flinging,1
slc,2
chicken,5
mcnuggets,1
sponsored,1
chamber,1
simultaneous,1
twohanded,1
jam,1
toohttpswwwyoutubecomwatchvudybstqdwh8,1
notable,1
generalpassing,1
click,2
pup,1
consummate,1
sending,1
middling,1
equity,1
hopeful,1
skepticism,1
closest,1
chauncey,5
color,4
wiki,1
identifies,1
badass,2
bush,1
largest,1
subreddits,1
reddits,2
popularity,2
outplayed,1
accuracy,1
freshman,3
gervais,1
carrel,1
emmy,1
welfare,1
ordered,1
dumbfuck,1
realizes,1
suffers,1
catastrophic,1
recovers,2
tarik,2
henderson,3
ndour,1
begun,1
pronounce,1
spelled,3
spell,1
ch,1
napier,1
conferenece,1
lamelo,3
notsogood,1
equipped,1
lockout,1
method,2
penalized,1
prejudice,1
¬Ø\\„ÉÑ¬Ø,1
hav,1
wojbombs,1
shamwows,1
manbabys,1
toss,1
overdosed,1
84,1
httpwwwnydailynewscomsportsbasketballshockerbiasdeadarticle12034857,1
257,1
believei,1
39m,1
replaces,1
brook,3
marion,2
barea,6
stevenson,1
camby,1
artest,1
haslem,2
overachieved,1
workout,2
frisky,1
sent,3
glorious,2
sweaty,1
sweet,2
booty,1
dance,1
tongue,1
nectar,1
cascade,1
wink,1
pulsating,1
uploaded,1
viral,1
react,1
smoke,3
tryin,1
yknow,1
nic,1
treating,2
hating,1
rapist,1
offthecourt,1
combination,2
immaturity,1
intensely,1
dissimilar,1
zbos,1
largely,2
tyrekes,1
tinkering,1
producer,1
nashwestbirddirksabonis,1
famers,2
overly,2
humble,1
snub,1
phrased,1
recognizes,1
crash,1
madness,1
pivotal,1
swung,1
rightbut,1
struck,1
idolizes,1
busy,2
peace,4
quiet,1
clamoring,1
pharmacy,3
dispensing,1
imaginable,1
didn‚Äôt,4
insurance,1
deductible,2
prescription,1
antibiotic,1
tirade,1
yelled,1
parking,2
pharmacist,1
hiding,1
realizing,2
cop,3
transferred,1
unexpectedly,2
coup,1
existing,2
brett,1
preach,1
multitude,1
hardcore,1
imho,1
reasoned,1
texas,4
noone,1
ronaldo,1
biedrins,1
humphries,2
jameer,1
nelson,1
delonte,1
martin,2
varej√£o,1
araujo,1
firepower,1
spongebob,1
claustrophobia,1
screamed,1
hohoho,1
scaring,1
underestimate,3
assit,1
stoked,1
providing,2
gravity,1
st,2
thabo,1
belinelli,1
ilya,1
renounced,2
unsecured,1
creditor,1
bankrupt,2
fraud,1
noncompliance,1
covenant,1
advertising,1
budget,1
evasion,1
corporate,1
veil,1
corporation,1
employee,3
ceo,1
compensation,1
theoretically,2
continued,3
employment,1
lawyer,2
httpsyoutubewcaqhlzjdaat516,1
aspiring,1
breather,1
2015especially,1
lobotomy,1
bismack,1
kirk,1
hinrich,1
olynick,1
jjs,1
üòÉ,1
mcdonough,1
adapted,1
motto,1
trustthetimeline,1
216,1
froma,1
feeder,1
weather,1
equality,1
05,1
male,2
thn,1
westbrick,1
norris,1
headline,2
timbs,1
repeatedly,1
splitsecond,1
cutter,1
grocery,2
‚Äúoh,2
you‚Äôre,2
now‚Äù,2
aback,2
‚Äúhuh‚Äù,2
‚Äúhuh,2
huh‚Äù,2
closing,3
shopping,2
milky,2
counter,5
‚Äúsir,2
first‚Äù,2
scanning,2
scan,2
‚Äúto,2
electrical,2
infetterence‚Äù,2
winked,2
that‚Äôs,4
scanned,2
interrupting,2
yawning,2
loudly,3
efficiently,1
rightly,1
setting,4
ingame,1
klaykd,1
kdklay,1
movessets,1
carnival,1
sleeper,1
serving,1
opinionated,1
exec,2
chaser,2
lined,1
renew,1
hypebeasts,1
seemingly,1
latching,1
penalize,1
demetrius,1
andel,1
nadersemi,1
ojeleye,2
jayson,1
ante,1
oldest,1
oddly,1
qualified,2
expert,2
gained,1
tooth,1
comb,1
print,1
legalese,1
hahahah,1
headband,1
implies,2
hansbrough,1
bleeding,1
facemask,1
carolina,1
3peat,2
201mil,1
serpent,1
lover,1
stake,2
underrating,2
franciscothe,1
diverse,1
predicted,2
pretended,1
rightprobably,1
initial,3
durantas,1
began,1
retroactively,1
pissedoff,1
dis,2
shaquille,1
oneal,1
canceled,1
platonic,1
10000,1
liked,4
motivate,2
lebronkd,1
mold,1
brainer,1
b4,1
demps,1
scooping,1
outcastfringe,1
foam,1
roller,1
sideline,3
redirect,2
site,5
wwwsportingnewscomaunba,1
craziest,1
powerless,1
kudos,1
recognized,2
aau,2
murderer,1
dancing,1
gesture,1
favored,1
improvising,1
ridiculed,1
expectedly,1
shock,1
admire,1
teamsplayers,1
attach,1
rationality,1
sentiment,1
universe,1
log,1
warren,4
7game,1
ig,1
aomething,1
jonathan,1
disneyland,1
proved,3
54,1
limb,1
lacked,1
smile,1
rofl,1
substitute,2
qo,1
provision,1
longest,2
indicates,1
hiring,2
magician,1
importantly,1
parental,2
lolno,1
baffle,1
gassed,1
üòÇüòÇüòÇüòÇ,1
aw,1
painting,1
racist,3
assumption,2
connect,1
wildly,1
painted,1
jed,1
httpstwittercomroyceyoungstatus874477545936351234,1
confrences,1
seasonboth,1
six,4
xd,1
shaun,1
schoolers,1
hur,1
dur,5
gthes,1
cherrypicking,1
beastly,2
rep,3
combinehttpwwwnbadraftnetnbadraftcombineathleticismtesting,1
recorded,1
lowest,4
maximum,3
vertical,1
snippet,2
quoted,2
president,2
train,2
downtown,2
portray,1
prodcution,1
awkwardness,1
cliphttpswwwyoutubecomwatchvcviluedptw,1
stepping,1
shadow,1
reliably,1
emulate,1
polish,1
bootleg,1
goberts,3
replaceable,2
heartbeat,1
edit2,1
jamal,1
keeper,2
25yearold,1
30yo,1
selected,1
conleyrod,1
strickland,2
martinjason,1
greak,1
freakrichard,1
jeffersonjalen,1
woolridge,1
corey,1
maggettee,1
porzingislamar,1
katgobert,1
delegating,1
jeanie,3
comptent,1
advised,1
ruthless,1
allows,3
schroderprincecollins,1
challenging,1
announce,1
ronald,1
halflife,2
delayed,1
estimated,2
aug,1
2427,1
disable,1
wihl3,2
rwhenishl3,1
annoyed,2
tar,1
heel,1
ty,2
ensure,3
ransom,1
dmc,2
incoming,1
advertisement,1
4050,1
antisemitic,1
herb,2
negotiate,2
commenting,2
ostensibly,1
brawl,1
tos,1
gtknicks,1
por,1
hounyk,1
absorbing,1
rhyno,1
slimmer,2
graded,1
battle,3
washed,1
weighed,1
declare,1
thumb,4
war,3
realistic,2
fiddling,1
invited,2
iphones,1
imac,1
workstation,1
howd,1
quinn,2
shorthanded,1
pritchard,2
medicationhas,1
dementia,1
tall,4
zillion,1
senior,1
snuck,1
reffed,1
afterwards,1
trained,1
tp,1
whove,1
guiding,1
regressed,1
erik,2
spoelstra,2
avg,2
52nd,1
whooped,1
üò≠,1
lady,2
enjoys,1
breakfastshit,1
tickle,2
gosh,1
bc,2
submission,1
repost,1
sticky,1
kyrielovelebron,1
curryklaydraymond,1
910,2
3thats,1
isolation,2
defensealmost,1
denying,1
diving,1
outscoring,1
1516,4
stephon,1
marbury,2
prioritize,2
idiotic,2
draymonds,1
attack,3
dagger,1
performs,1
tight,1
fave,1
doordie,1
assumed,3
unaware,1
performer,1
gameplay,1
provide,1
souring,1
460,1
opting,1
unsure,1
crowning,1
lauri,2
markkanen,1
negated,1
outraged,1
bruce,2
bowen,1
arose,1
scrambling,1
assurance,1
collapse,3
singler,2
tiago,1
splitter,1
ford,2
kmart,1
pekovic,1
calderon,1
criminallyunder,1
kris,1
dunn,1
boasting,1
flipside,1
twill,1
represents,1
negotiation,2
doubtful,1
assemble,1
slapping,1
relieve,1
implement,1
hines,1
ward,1
pinnacle,1
sup,1
travelling,1
enthusiast,1
pondering,1
heading,1
paris,1
journey,2
london,1
traintrip,1
accent,1
rhyme,1
interviewer,1
interviewed,2
gtosterman,1
custom,1
insert,4
rebuilds,1
hammering,1
vigilant,1
blocked,1
sided,2
stoppage,1
gretzky,1
httpscapfriendlycomplayerswaynegretzky,1
6545400,1
10667521,1
mcdavid,1
1015m,1
desperation,1
texhnolyze,1
suggests,2
viewership,1
acceptable,1
545pm,1
nz,1
chime,1
imagining,1
seeding,1
toll,1
nyk,5
contemplate,1
selflessly,1
indicate,1
coasting,1
uncommon,2
4year,2
annual,2
661919,1
gtwhat,3
bryant,1
httpiimgurcom2fkvsbngif,1
settling,1
stall,2
trashing,2
tempt,1
motivated,3
chickening,1
phils,1
displeasure,1
connectedwell,1
unnoticed,1
28m,1
waste,3
alienating,1
avoiding,1
fumbled,1
tolerable,2
delivering,1
dummy,1
gtagain,1
tagged,1
laughable,3
rude,1
revolutionized,1
highness,1
privilege,1
strongly,2
71mm,1
iu,1
resigns,3
woulda,1
outlandish,1
annoyance,1
remedied,1
mute,1
potus,1
economy,2
citizen,1
healthcare,1
global,1
ally,1
causing,2
nba2k,1
200mb,1
retailversion,1
leaguehttpsenwikipediaorgwikimajorprofessionalsportsleaguesintheunitedstatesandcanada,1
130b,1
mlb,1
95b,1
52b,1
37b,1
redundant,1
farming,1
woooow,1
dammit,1
hardenball,1
toaster,1
dangling,1
extending,1
sheed,2
shoeline,1
wore,2
balled,2
brooklin,1
httpsstreamablecom2s6te,1
httpsstreamablecom9xi7v,1
anyth,1
ng,1
offload,1
conttact,1
freaked,1
daario,4
selfaware,1
cunning,1
cunningdeviousdangerous,1
soap,1
opera,1
secure,2
cancer,1
saving,1
127,1
decreasing,1
observation,1
‚Äúthey‚Äôd,1
brink,1
truck‚Äù,1
sourcehttpwwwbostonheraldcomsportsceltics201701murphythecelticscanbackupthatbrinkstruckforisaiahthomasnow,1
papa,1
mcbob,1
hella,1
hahayou,1
shootout,1
complimented,1
klayopponents,1
skyfucked,1
manufacturing,1
bio,1
fanned,1
flame,1
unfollowed,1
gtkyrie,1
headcase,1
countless,1
fouled,1
1a,1
1b,2
arunoby,1
squeeze,1
den,1
phx,1
niner,1
raider,1
cred,1
whataburger,1
threaten,1
produce,2
76,1
throwning,1
levelheaded,1
dion,4
goran,1
dragichttpstwittercombytimreynoldsstatus826271785448509441,1
gtgoran,1
7eleven,1
conflicting,1
premature,1
canada,1
uncoordinated,1
amish,1
teen,1
addict,1
gamewinning,1
shotswaggy,1
intercept,1
slowmo,1
smacked,1
hibberts,1
nowthat,1
melos,3
woo,1
wap,1
da,2
perfected,1
subtly,1
gallos,1
fella,2
server,2
coz,1
Â∞èÁúã,1
speaker,1
communism,2
gallinari,1
echelon,1
spring,1
launching,1
914,1
hail,1
mary,1
perform,2
10ish,1
gaymaybe,1
weighted,1
toward,1
hou,2
okcs,2
ironic,1
superstardom,1
onoff,3
sits,1
olympian,1
contributed,1
hairdo,1
emphasizes,1
stating,1
sox,4
understandable,2
decimated,1
granderson,1
arvy,1
expression,1
practicing,1
craft,1
documentary,1
spends,1
adopted,1
adult,3
g7,1
bobby,1
ruben,1
proper,2
shaping,1
3v3,3
destroy,4
professionaly,1
bobcat,2
cho,1
nickyoungmemejpg,1
daughter,1
si,1
httpswwwflickrcomphotososuarchives4325247809,1
ultimate,1
pest,1
dumbed,1
horseshit,1
httpswwwyoutubecomwatchvlda47srfys,1
juancho,1
repped,1
aiight,1
cari,1
cc,1
molly,1
qerim,1
jalen,1
marijuana,1
decently,1
waaaaay,1
mentionned,1
subscribed,1
ease,2
profane,1
generous,1
drivebydunkchallenge,1
latest,3
httpswwwfacebookcombleacherreportvideos10155316773011006,1
peaked,1
reinvented,1
outdoor,1
slack,1
conveniently,1
ignored,1
httpwwwespncomcollegesportsbasketballrecruitingplayerrankingsclass2019,1
9885,1
proving,2
fookin,1
weasel,1
bev,1
dictate,1
locking,1
calculation,1
proclaimed,1
2s3s,1
gameplan,1
deter,1
michigan,2
statehe,1
spartan,1
shunning,1
pho,1
caulystein,2
millenial,1
theoretical,1
economics,1
exemple,1
scale,2
rebuttal,1
eachother,1
atlantic,1
southeast,1
northwest,1
pacific,1
southwest,1
bobans,1
cartoon,1
ped,1
itis,1
subtweeting,1
gunner,1
uniquely,1
respective,1
beginning,3
correy,1
bald,1
band,1
refute,2
staywoke,1
pgsg,1
pfc,1
hardenpaul,1
daviscousins,1
righteous,1
beset,1
inequity,1
tyranny,1
evil,1
blessed,1
shepherd,1
darkness,1
finder,1
thee,2
vengeance,2
furious,1
poison,1
lay,1
ezekiel,1
2517,1
78,2
172,1
454,1
341,1
507,1
508,1
685,1
02,1
66,1
choicerelated,1
justice,3
deflect,2
prez,2
httpwwwspotraccom,1
estimate,2
582180,1
102,1
ntilikina,1
2019,1
unsupported,1
eager,1
reckless,1
drunkenness,1
disrupting,1
noice,1
complaint,1
vandalism,1
commotion,1
arrested,2
cleaning,1
bait,2
chickfila,3
slimey,1
gross,1
micky,1
d,1
useless,4
mav,1
ut,2
freeman,1
fordkd,1
placing,1
toilet,1
rubbing,2
blowby,1
httpsiimgurcom6adlv4rgifv,1
nutting,1
rapmrpm,1
rapm,4
calculated,2
gtyou,2
rpmrapm,1
solve,1
gtwe,1
gtso,1
proprietary,1
blaming,1
lmaoo,1
unplayable,1
luckily,1
october,1
eligible,3
correction,1
oneread,1
updated,1
httpswwwcbssportscomnbanewsinrarecompanylebronjamesamongshortlistofplayerswithnotradeclause,1
Â∞è‰∏É,1
ËÖæËÆØ,1
morphine,1
pming,1
recreationally,1
addicted,1
waking,1
5ami,1
63,1
constitutes,1
olajuwon,1
alternate,1
07,2
marquise,1
sweeten,1
elevate,2
subtract,1
deflection,1
dragging,1
mud,1
bump,1
üò≠üî´,1
excite,1
dough,1
anticipation,1
amounted,1
balancing,1
tuckermbah,1
moute,1
soak,2
rein,1
rocketsspurscavs,1
positioning,1
examplehttpsyoutubexcmtgxrfm8,1
guidance,1
counselor,1
complaining,1
and1,1
lengthy,1
african,1
accusation,1
downvoting,1
lame,1
gravy,2
ralph,1
lawler,1
darius,1
arise,1
johnathan,1
lesbian,1
flukey,1
6500,1
479,1
governs,1
morale,1
unmatched,1
qim,1
991515,1
lamb,1
succeed,1
tipping,2
bartender,2
tipped,1
nyc,2
lowballing,1
mini,1
pal,1
superstarwe,1
blocking,3
executed,3
resolved,1
nicely,1
revenge,1
kryies,1
tourist,1
crowded,1
poverty,1
outoh,1
huddle,1
libertarian,2
taylor,1
occasion,1
woody,1
dem,1
ikea,1
œµ,1
boiled,1
jim,1
jims,1
o0,1
decisionmaking,1
boggling,1
201516,1
facilitating,1
gig,1
chunk,1
8085,1
humblebrag,1
wasted,1
mathematical,1
avarage,1
cigar,1
scotch,1
contagious,1
cough,5
lyricist,1
suggesting,1
genre,2
declared,3
lyrically,1
cherry,1
counterexample,1
chanaria,1
charania,1
casspi,1
stadiumarenafield,1
wicked,1
flimsy,1
httpsguideimgalibabacomimagesshop2016071734bostonbruins201415scheduleplasticsouvenirdrinkingcupbergeronrask21485834jpeg,1
refill,1
sale,3
fetch,1
gtcurry,1
gtkd,1
foreseeable,1
episode,6
upvootes,1
entertainment,1
rice,2
mansion,1
superhero,1
batman,2
koward,1
19yearold,1
uiamlefthandedok,1
devil,1
advocate,1
disease,1
stigma,1
30season,1
holder,2
entry,1
reserved,1
limiting,1
corporationsgroups,1
neck,3
publicisti,1
supermax,1
contracthttpswwwwashingtonpostcomnewssportswp20161215adeeperlookinsidethenbasnewcollectivebargainingagreementutmtermf187da547cc9,1
curryharden,1
upgrading,1
hoopers,1
dra≈æen,2
petroviƒá,1
yugoslavia,1
paspalj,1
yugoslavian,1
290,1
mccloud,1
robert,1
pack,1
travis,1
maloney,1
maciej,1
lampe,1
peeler,1
dickerson,1
208m,1
axel,1
toupane,1
cheick,2
diallo,2
primarily,1
smarter,2
experienced,2
spo,2
realese,1
cleared,1
afflalo,1
supplementing,1
union,2
astonishing,1
loooong,1
hitter,1
snag,1
vox,1
leisurely,1
punctuated,1
burst,1
2k5,1
sting,1
recoup,1
x20,1
iggykddray,1
eviscerate,1
timofeys,1
dimensional,1
plane,1
bolt,1
fornier,1
initially,2
6mil33mil,1
slice,2
distract,1
describes,2
engaging,1
ninetynine,1
dickhead,1
timofey,1
denies,1
‚Äúi,1
‚Äòchris,1
what‚Äôs,1
on‚Äô‚Äô‚Äù,1
‚Äúchris,1
‚Äòthis,2
bullexpletive,1
i‚Äôve,2
life‚Äô,1
joke‚Äô,1
‚Äòyou,1
they‚Äôre,1
drag,2
i‚Äôll,1
care‚Äô‚Äù,1
shitting,1
grumpy,1
darrell,1
armstrong,1
mbenga,1
elton,1
nicest,1
jamie,1
jordie,1
benn,1
polite,1
twat,1
mood,1
51,2
lowend,2
england,1
geography,1
khriss,1
calf,1
whatifs,1
recuperate,1
student,1
teacher,1
funniest,1
replaced,1
gtwho,1
steroidspeds,1
arnold,1
schwarzenegger,1
steroid,4
bodybuilding,1
physique,1
bodybuilder,1
muscular,1
aesthetic,1
sneak,2
seasoned,1
chasing,1
pipedream,1
shortsighted,1
heb,1
shop,2
walmart,1
sprout,1
trader,1
carnicerias,1
cedric,1
ignoramus,1
output,1
decipher,1
perplexing,1
underachieve,1
colangelos,1
nonbasketball,1
30second,1
2question,1
thoughtful,1
disrespected,1
lowkey,2
hyper,1
yay,1
arod,2
griffey,1
kershaw,1
harper,1
pujols,1
obv,1
occurred,1
outrageous,1
yearsthat,1
championshipsdraymond,1
faried,1
hero,1
lowering,1
contribution,1
effortlessly,1
billups,2
lowballed,1
315,1
385,1
chucker,2
motivation,1
sought,1
thatd,1
political,2
strategist,1
irrational,1
mattered,1
misremembering,1
keft,1
battery,1
acid,1
utilize,1
argued,1
zo,1
gelo,1
elevates,1
1662,1
49,1
junior,1
thus,1
apply,1
sarc,1
gtcan,1
insufferable,2
homo,1
euroleague,1
nother,1
researched,1
disloyalty,1
horfordhoward,1
sour,1
narrating,1
crunch,1
shelling,1
asks,1
derp,6
der,5
gymnastic,1
lace,1
rondojrueadcousins,1
kyriejrueadlowqualityc,1
stagnant,1
mke,1
duplicate,1
ppretty,1
intitial,1
praised,1
gtname,1
induced,1
peds,1
adomonski,1
agressive,1
ungrateful,1
politics,1
copy,1
vitriolic,1
executive,1
sean,1
blemish,1
cement,1
outdone,1
grammar,1
punctuation,1
thirty,1
demanded,2
advocating,1
serve,1
flairdownvoted,1
albatross,1
ithorfordbradley,1
2265,1
byron,1
glamorous,1
clashed,1
33,1
rrockets,1
rmelothirst,1
ranger,2
obliterated,1
ur,1
unopposed,1
sweepstakes,1
burned,1
oldman,1
myspace,1
safely,1
noted,1
testing,1
amongst,1
1042,1
agility,1
ecstatic,1
governed,1
influenced,1
owes,1
wash,1
convicted,1
thrn,1
peja,1
overstated,1
allstargreat,1
intangible,1
pejavlade,1
punish,1
angling,1
cease,1
exicst,1
coughthrasherscough,1
synonymous,1
distilled,1
usd,1
voila,2
provides,1
equipment,1
logistics,1
gas,1
tweener,1
buthttpsimgflipcomsmemebutthatsnoneofmybusinessjpg,1
baller,1
delivered,2
tipoff,1
730,1
antilebron,1
oakland,2
lake,1
tahoe,1
shouting,1
distance,1
napasonoma,1
ayeee,1
aampm,1
ate,2
cite,1
httpsskepticalsportscomwpcontentuploads201104imagethumb19thumbpng,1
glue,2
brolo,1
nance,5
zubac,4
moreystyle,1
buyout,1
processor,1
transcend,1
boundary,1
shitgetting,1
magnet,1
sidenote,1
enrolled,1
myplayers,1
kdsteph,1
authenticity,1
unfinished,1
outcoached,1
oblivion,2
innovative,1
jumpshots,1
jumpstart,1
dallassan,1
185,1
commodity,1
salivating,1
brilliant,1
carlisles,1
dwane,1
pumping,1
ratlantahawks,1
acknowledge,1
tribute,2
plush,1
toy,1
deluded,1
underaged,1
partying,1
httphoopshypecom20170428wehaverankedalltheplayersinthenbathisseason,1
sweep,1
exponential,1
ballcontrol,1
gtcmon,1
leaking,2
initiate,1
utter,1
despair,1
gtits,2
victimized,1
continuously,1
attacked,1
gtthis,1
twilight,1
shirt,2
poised,1
splitting,1
bare,1
conspiracy,1
realise,1
royal,1
transform,1
lizard,1
victor,1
accomplishing,1
private,2
averagetoabove,1
portrays,1
shorten,1
arizin,2
6062,1
fulks,1
4647,1
headed,1
probabilitystatistics,1
calculus,1
mariner,1
berth,2
loled,1
hibbert,2
ohhhhhhh,1
cake,1
quas,1
umm,1
everloving,1
jerami,2
steep,1
pac,1
disagrees,1
savage,1
reread,1
invite,1
hangtime,1
amazingly,1
nwaba,1
poly,1
mustang,1
banking,2
buyoutstretch,1
muthafuck,1
sleeved,1
brave,1
blizzard,1
zellerhoward,1
pleased,1
25min,1
abusing,1
gobbiling,1
stupidest,1
playstyle,2
predictable,4
107,1
bounced,1
microsoft,1
tarnished,1
firm,1
kay,1
stipulation,1
homework,1
responds,1
gtdames,1
critical,1
creation,2
analyze,1
quantity,1
dared,1
13689,1
reign,1
pioneering,1
scorched,1
286,1
verify,1
derozen,1
cream,1
crop,1
uuuhhthe,1
pump,1
brake,1
handedly,1
crumbled,1
trailer,1
franco,1
tommy,1
wiseau,1
httpswwwgooglecomamphoopshypecom20170427demarcuscousinshoustonrocketsgearamp,1
gypped,1
positively,1
van,1
slurp,1
mucus,1
nationally,1
televised,1
removing,1
banning,1
titling,1
amir,1
crush,2
ezelis,1
nonguaranteed,1
cooped,1
church,1
strict,1
coop,1
ideally,1
cheering,2
massacre,2
mum,1
consisted,1
instrument,1
parenting,1
curricular,1
activity,1
participate,1
lowryless,1
benchless,1
drexler,1
aight,1
deadlifts,1
doable,1
unstable,1
app,2
laptop,1
famer,1
retained,1
tradesigning,1
91mil,1
whe,1
pacetempo,1
sore,1
exploited,1
outfit,1
creep,1
pending,1
gr3,1
noise,1
armchair,1
calipari,1
cousyjohnsonwhite,1
havlicekjonesallen,1
birdpierce,1
mchalegarnettheinsohn,1
russellparish,1
pinpoint,1
316,1
nonbird,1
retain,1
iggys,1
livingston,2
paycheck,1
5mil,1
dataset,3
gtin,1
subset,3
gthalf,1
outdated,1
successor,1
uhh,1
fuckton,1
estimation,1
regression,1
arbitrary,1
item,1
bearing,2
predictive,1
derived,1
vorp,1
compensates,1
execution,3
connecticut,1
stanford,1
norte,1
precision,1
formula,1
suspect,1
gttheres,1
ummm,1
bummer,1
payne,1
wcs,1
layoff,1
gttatum,1
payer,1
radar,1
magazine,1
maple,1
posturing,1
fuckkd,1
mcdaniles,1
screaming,1
325yo,1
lately,1
wave,1
20192020,1
ki,1
bostonbiased,1
dancer,1
midget,1
stevans,1
chartered,1
maximize,1
scheduling,1
holiday,2
2428,1
unheard,1
fascilitator,1
expressed,1
countered,1
3036,1
baze,1
coffin,1
2004also,1
windhorst,1
robin,1
hopeless,1
1980,1
gtstill,1
baltimore,1
ratner,1
gtgtmy,1
appropriately,1
contrite,1
thumping,1
expressing,1
politician,1
loath,1
erich,1
segal,1
inference,1
trajectory,2
iswas,1
primary,2
3216555,1
iversons,1
330,1
pogba,1
odell,1
beckham,1
chilling,1
celebrating,2
july,2
weirdest,1
contractpicksunload,1
bjelica,1
wrecked,2
glory,1
younglings,1
groomed,2
regional,1
bungo,1
purpose,1
11m,1
kia,1
gallows,1
hootski,1
horrific,1
moz,1
forking,1
gtmy,1
theorizing,1
hinkie,1
generate,1
religion,1
litterally,1
bulldozed,1
tothe,1
occupy,1
understood,1
task,1
straightstraight,1
functional,1
clairvoyant,1
pipe,1
tolerant,1
playmake,1
postup,1
grossly,1
reduced,1
7ft,1
unathletic,1
nonfan,1
httpswwwbostonglobecommetroregionalswest20140309footerspercentchanceplayingnbafnnbp8zybyfxztsw0eypdkstoryhtml,1
thankyou,1
wiggy,1
bargain,2
udonis,1
ayy,1
charming,1
comic,3
relief,2
electric,1
shaver,1
jabronies,1
rod,1
oppressed,1
unite,1
aslo,1
manly,1
porn,1
quota,1
collecting,1
novice,1
hanlder,1
ehhh,2
midlower,1
sooner,1
lsu,1
gottlieb,2
flynn,1
athletichttpstwittercomsportscenterstatus1595231391langen,1
\stephen,1
curry\,1
upsidehttpswwwyoutubecomwatchv2tshvadctbe,1
rbostonceltics,1
240mil,1
shamelessly,1
swindled,1
dune,1
fking,1
millionaire,1
structure,1
shawn,1
lung,1
sue,1
25m,1
dlos,1
dangelo,1
blindly,1
shaped,1
penchant,1
nod,1
dadhttpwwwtedcatanzarocomheribertolopezformercubanbaseballplayerandfatherof2nba,1
searched,1
mighty,1
mouse,1
shiny,1
murdersuicide,1
rajon,1
soloman,1
alexis,1
ajinca,1
stephenson,1
seth,1
investigation,1
polling,1
heartening,1
no2,1
49ers,1
trubisky,1
flow,2
uniform,2
acted,2
messi,1
agohttpswwwredditcomrnbacomments6k9378wojnarowskinetspickingupoptionsonguardsdjkezhx,1
spotrac,1
113,1
combining,1
waiver,1
featuring,1
bukoo,1
courtney,1
lengthprice,1
ifwhen,1
atnear,1
bothering,1
format,1
likelyeasy,1
likelyharder,1
duncd,1
wizardscavswarriorslakers,1
consume,1
tendon,1
astute,1
reflection,1
dignity,1
nahhh,1
louis,1
louisville,1
virginia,1
bandwagoner,1
61ts,1
bynums,1
59ts,1
bk,3
linkhttpespngocomvideoclipid6767648,1
reposted,1
youtubehttpwwwyoutubecomwatchvx5qbxzoa8ai,1
dahntay,2
courtside,1
pregame,1
personnel,1
millsaps,1
particular,1
crappy,1
baduntil,1
x2,4
lac,1
oshaughnessy,1
comma,1
overuse,1
exposition,1
bango,1
ama,1
heated,1
doritos,1
element,1
fund,1
corruption,1
9458,1
2431,1
yugi,1
trending,1
technology,1
likewise,1
1996,1
afforded,1
rj,1
revitalized,1
stereotype,2
associate,2
drinkingsmoking,1
cycle,1
dependence,1
smokedrink,1
moderately,1
cathartic,1
interestingly,1
lanky,1
muffin,1
wham,1
admirable,1
restraint,1
survived,1
refreshing,2
betting,1
appalling,1
2way,1
1year,1
tryout,1
2year,1
smu,1
coack,1
1k,1
bitcoins,1
gg,1
sexy,2
strutting,1
unicorn,1
horn,1
incremental,1
balloon,1
sandwiched,1
2627,1
facilitate,1
4445,1
tacky,1
isos,2
wallnot,1
solo,1
lemme,1
warm,1
youlike,1
hiatus,1
2k11,2
nbatv,1
downloaded,1
fortunate,1
joint,1
patellar,1
tendonitis,1
commish,1
comin,1
smack,1
socialism,1
schooler,1
destroying,1
heartland,1
herehttpsyoutubebcjgtmiz2k,1
racin,1
accepting,1
lowball,1
godfather,1
bestbrook,1
40win,1
valuing,1
recipient,1
heavilycontested,1
20ft,1
üòë,1
iteration,1
2k13,1
pour,1
30team,1
controlled,1
myplayer,1
operation,1
fictional,1
backstory,1
statsfootagestorylines,1
marchmadness,1
immersive,1
fancy,1
granger,1
talentwise,1
therapist,1
inability,1
5m,1
boon,1
chop,1
executes,1
absorb,1
bostonbrooklyn,1
nastyy,1
fortune,1
houstonrocketsnasaastronautsbuzz,1
aldrinbuzz,1
lightyear,1
folkshttpiimgurcomowe0vcojpg,1
watson,1
mayweathers,1
trivial,1
fandom,1
crazily,1
synergy,1
spotup,1
399,1
389,1
fb,1
200m,1
xbox,1
coma,1
unfortunetly,1
settle,1
mannings,1
laughed,2
somber,1
100k,1
top3,1
scattered,1
various,1
web,1
memeing,1
indepth,1
hedo,1
turkoglus,1
defeated,1
turkoglu,1
doping,1
aggregate,1
algorithm,1
accessible,1
desktop,1
niche,1
xposted,1
traffic,1
catalyze,1
discourse,1
memery,1
boatload,1
bby,1
guyi,1
bolting,1
rnbanew,1
httpwwwespncomnbastoryid19031533gmpresidentratings130,1
watered,1
greg,1
scorershooter,1
4chan,1
boku,1
pico,1
abouttell,1
foolhardy,1
idd,1
scrutiny,1
someways,1
being,1
pr,1
workmate,1
elitiest,1
bland,1
dig,1
generic,1
